dataset,horizon,model,seed,MAE,RMSE,MSE,MASE,Bias,WAPE
ETTh1,24,Persistence,42,1.4578781730923926,1.9883254670749066,3.9534381630186455,2.1072813135620754,-0.022129980995272143,16.185589473020183
ETTh1,24,MLP,42,1.3495246224302102,1.8376718514505328,3.377037833613629,1.9506623197512336,-0.060897217696837466,14.982631556967318
ETTh1,24,N-BEATS,42,1.348984540410797,1.8348295463319806,3.366599464092822,1.9498816614161916,-0.20058632797999626,14.976635482666104
ETTh1,24,DLinear,42,1.3242769302313904,1.8214415062700353,3.3176491607632554,1.9141681935868464,-0.07022695405885629,14.702327764364087
ETTh1,24,NLinear,42,1.354477226490846,1.8515314227188764,3.4281686093153865,1.957821031763714,-0.09941200911808659,15.037616134984447
ETTh1,24,TiDE,42,1.4447622997214606,1.9004253103559672,3.611616360241574,2.088323052593681,-0.5068218769551479,16.039975013677722
ETTh1,24,QELM,42,3.7270273910993397,5.0281973375068985,25.282768464911463,5.387209522273239,2.2305466329995154,41.37803584717796
ETTh1,24,CeNN_NS,42,1.6729729991605322,2.0980863797181923,4.4019664567589905,2.418188847526883,-0.9304093576797585,18.57360557530183
ETTh1,24,CeNN_Emu[QELM],42,2.866601787936187,3.580041639373972,12.816698139651479,4.143512463958627,2.5177689181905207,31.82545742059089
ETTh1,24,CeNN_Ada[QELM],42,1.4742648794891609,1.998874083162553,3.9954976003389375,2.1309673806272618,0.3099873119249744,16.36751722764896
ETTh1,24,Persistence,123,1.4578781730923926,1.9883254670749066,3.9534381630186455,2.1072813135620754,-0.022129980995272143,16.185589473020183
ETTh1,24,MLP,123,1.3978508586342702,1.870611493120936,3.499187358196138,2.020515189755858,-0.22512327480383074,15.51915692267464
ETTh1,24,N-BEATS,123,1.358401173160444,1.8435585211742684,3.3987080209942557,1.9634928770830786,-0.19280455879356684,15.081180399187275
ETTh1,24,DLinear,123,1.3122897309908486,1.8111561459291283,3.2802865849368543,1.8968413679111742,0.013169889023359036,14.569244020180466
ETTh1,24,NLinear,123,1.353483847148421,1.8509614210109837,3.4260581820710003,1.956385157515641,-0.09940815935300341,15.02658748353453
ETTh1,24,TiDE,123,1.3613989302159755,1.8346196926128524,3.3658294165228773,1.9678259671466474,-0.23890483889565783,15.114461962719956
ETTh1,24,QELM,123,3.9847598675638913,5.626730444585662,31.660095496027164,5.7597473938018275,2.208663866241332,44.239421753705074
ETTh1,24,CeNN_NS,123,1.5602162648698081,2.0044998337811926,4.018019583628829,2.2552052981915383,-0.7108188260573334,17.32176283203825
ETTh1,24,CeNN_Emu[QELM],123,2.2759822135845122,2.963729993743651,8.783695475815742,3.2898049214310703,1.6176363228915192,25.268307350287795
ETTh1,24,CeNN_Ada[QELM],123,1.4765196278214165,1.9577453686695871,3.8327669285472177,2.1342264931615205,-0.10931157780660782,16.39254979315713
ETTh1,24,Persistence,2024,1.4578781730923926,1.9883254670749066,3.9534381630186455,2.1072813135620754,-0.022129980995272143,16.185589473020183
ETTh1,24,MLP,2024,1.4072826532156344,1.8708633653047593,3.5001297316394493,2.0341483210020073,-0.27515581809435746,15.623870168201876
ETTh1,24,N-BEATS,2024,1.3873037079802764,1.866661896952556,3.484426637534514,2.005269873724176,-0.30384113899161125,15.402060821130345
ETTh1,24,DLinear,2024,1.3205317746995664,1.8184587838456692,3.30679234854547,1.908754780851641,-0.06299112672358086,14.660748467088416
ETTh1,24,NLinear,2024,1.3543648358854063,1.8519261084691165,3.429630311229566,1.9576585774331436,-0.09942740746368056,15.03636835706044
ETTh1,24,TiDE,2024,1.3837273519936226,1.869091173854147,3.493501816179473,2.0001004512851694,-0.13872968482186498,15.362355562571894
ETTh1,24,QELM,2024,4.207822195226584,5.571944083212152,31.046560866442913,6.082171505444978,1.6698391806989592,46.715894293784636
ETTh1,24,CeNN_NS,2024,1.5189977214633772,1.955581826711488,3.82430028096424,2.1956262003658416,-0.6313109152519911,16.864148173580727
ETTh1,24,CeNN_Emu[QELM],2024,2.6996549516707176,3.5201073921393258,12.391156052193926,3.9022001548002434,1.439417627814595,29.97198776483718
ETTh1,24,CeNN_Ada[QELM],2024,1.5938387267260181,2.1296096636331465,4.535237319439684,2.3038046852276004,0.3577165570105806,17.695044615606324
ETTm2,24,Persistence,42,2.603788102812237,3.710164556402307,13.765321035583927,11.569015631625922,-0.07707402348518372,7.141275474054888
ETTm2,24,MLP,42,1.353992490635978,2.1467094717324824,4.608361556025954,6.015988886481721,0.06277618553903368,3.7135254420242134
ETTm2,24,N-BEATS,42,1.4767650992605421,2.2867767725992176,5.229348007699294,6.561485744224871,-0.2997201713456048,4.050247550059578
ETTm2,24,DLinear,42,1.28860246152348,2.064737298986188,4.263140113824778,5.725451316186388,-0.17360151849852667,3.534183578281743
ETTm2,24,NLinear,42,1.258259798579746,2.020923181786153,4.084130506680669,5.59063437715741,-0.08502277236514622,3.4509643199774405
ETTm2,24,TiDE,42,1.3444238578213585,2.1079115194333458,4.4432909737597965,5.973474035720225,-0.30645417613453335,3.6872820458102606
ETTm2,24,QELM,42,10.42301779698001,12.526073370121392,156.90251407366426,46.311009598568866,-10.085029585507181,28.58667388441419
ETTm2,24,CeNN_NS,42,2.2778264944288464,2.997047584235317,8.982294222170747,10.120719997037062,-1.6595809499952527,6.247277365331041
ETTm2,24,CeNN_Emu[QELM],42,8.51059417883555,9.744395140372102,94.95323665170744,37.81382862262548,-8.422820225132837,23.341568161138223
ETTm2,24,CeNN_Ada[QELM],42,6.4098416660891635,7.269042764709355,52.83898271517343,28.479874514804226,-6.342292825460434,17.579942481947242
ETTm2,24,Persistence,123,2.603788102812237,3.710164556402307,13.765321035583927,11.569015631625922,-0.07707402348518372,7.141275474054888
ETTm2,24,MLP,123,1.3628216462665135,2.110002724678052,4.4521114981488035,6.055218130748335,-0.17846860127978856,3.73774071226562
ETTm2,24,N-BEATS,123,1.4601429955694412,2.2449573829172222,5.039833651114543,6.487631279176369,-0.22672216574350992,4.004658962690179
ETTm2,24,DLinear,123,1.2899192748334674,2.0629895099388604,4.255925718117779,5.731302112474582,-0.1816822956668006,3.5377951343005933
ETTm2,24,NLinear,123,1.256605348666509,2.0201677743968216,4.081077836711408,5.5832834115057475,-0.08447851130697462,3.4464267454429804
ETTm2,24,TiDE,123,1.391020558277766,2.157334033760947,4.654090133223279,6.180510067331298,-0.46625901601049635,3.8150804153403404
ETTm2,24,QELM,123,11.746813303510349,13.673544889445836,186.96582984369036,52.192828818644635,-11.49313500477208,32.2173796139775
ETTm2,24,CeNN_NS,123,1.9030182066758474,2.5886890901918775,6.70131120567845,8.455391341762045,-0.24449804218610127,5.219309985838021
ETTm2,24,CeNN_Emu[QELM],123,10.472749317328136,11.75633736807011,138.21146831188165,46.53197409858735,-10.442139953825208,28.723069962945292
ETTm2,24,CeNN_Ada[QELM],123,7.491519089460373,8.664659888471649,75.07633098288952,33.285927283016285,-7.394672645754285,20.546603419531507
ETTm2,24,Persistence,2024,2.603788102812237,3.710164556402307,13.765321035583927,11.569015631625922,-0.07707402348518372,7.141275474054888
ETTm2,24,MLP,2024,1.3909635330835979,2.153883712888991,4.639215048648466,6.180256695959789,-0.3585428581237793,3.8149240152784167
ETTm2,24,N-BEATS,2024,1.5496098249223498,2.337608492286013,5.464413463207688,6.885145633811412,-0.8610930792490641,4.250035025937924
ETTm2,24,DLinear,2024,1.2892662368880379,2.0624807725725804,4.253826937231588,5.728400568301091,-0.15999217319488526,3.536004080774277
ETTm2,24,NLinear,2024,1.2569531512790255,2.0211847538544307,4.085187809213596,5.584828749951905,-0.0847538956006368,3.447380645748422
ETTm2,24,TiDE,2024,1.3888267686631945,2.132025409562382,4.545532347019641,6.170762735620217,-0.41527536975012885,3.8090636215955445
ETTm2,24,QELM,2024,14.936594284719892,16.611210666864313,275.9323198189468,66.36549747521441,-14.75478680115276,40.96582756337697
ETTm2,24,CeNN_NS,2024,1.8772879925039079,2.5448718286760577,6.476372624389023,8.34106819479062,-0.32317225056224397,5.14874105313194
ETTm2,24,CeNN_Emu[QELM],2024,12.071986577749252,12.914831724831192,166.79287848070624,53.63762176803777,-12.052345926152336,33.10921559926077
ETTm2,24,CeNN_Ada[QELM],2024,7.8231417310502795,8.480189638784028,71.91361630973998,34.759375725388004,-7.781961331261529,21.456127752356245
Energy,24,Persistence,42,5344.605419813368,7057.022145237633,49801561.55837436,4.91967212268357,-49.961061414930555,17.118609687872286
Energy,24,MLP,42,1978.6549474826388,2788.3874330692515,7775104.4768985305,1.8213381196399308,312.71895008680553,6.337572017452231
Energy,24,N-BEATS,42,2008.6648076171875,2812.413936503311,7909672.150238051,1.8489619872059537,556.7795487196181,6.43369269280209
Energy,24,DLinear,42,1930.7823368055556,2740.7458718619514,7511687.934128328,1.777271714416633,-57.10253141276041,6.184237491785962
Energy,24,NLinear,42,1932.7315076497396,2768.762369537333,7666045.058965988,1.779065912624218,-61.69420730251736,6.1904806271113255
Energy,24,TiDE,42,1947.4664556749133,2742.550257666183,7521581.915824847,1.7926293298149243,202.58499750434027,6.2376762204621325
Energy,24,QELM,42,4857.5330120985245,6300.759977898011,39699576.29908134,4.4713253584716,-510.2812251519097,15.558531481445263
Energy,24,CeNN_NS,42,1961.628551703559,2708.1501239066015,7334077.09361534,1.8056654407264252,51.61011919487847,6.2830369861751265
Energy,24,CeNN_Emu[QELM],42,3417.188551513672,4498.496385635939,20236469.73157961,3.1454982986231963,-470.42530683051217,10.9451516900327
Energy,24,CeNN_Ada[QELM],42,3227.658374620226,4239.512546256502,17973466.629866287,2.971037088780968,-379.4319077690972,10.338092259548946
Energy,24,Persistence,123,5344.605419813368,7057.022145237633,49801561.55837436,4.91967212268357,-49.961061414930555,17.118609687872286
Energy,24,MLP,123,1935.890744656033,2701.3543625899024,7297315.392283497,1.7819739683192548,245.00293595377605,6.200599567795277
Energy,24,N-BEATS,123,1958.0333143988714,2736.962533920737,7490963.912085821,1.8023560497886522,164.26182476128471,6.271521549707907
Energy,24,DLinear,123,1931.8875371365018,2741.155290828267,7513932.3284358,1.778289043635733,-57.173005289713544,6.187777415055551
Energy,24,NLinear,123,1930.4057357177735,2767.0156213109,7656375.448578546,1.7769250557342042,-61.48195202636719,6.183031249879708
Energy,24,TiDE,123,1929.7605998535157,2727.904094531092,7441460.7489594985,1.7763312126574138,262.1725946451823,6.180964899197404
Energy,24,QELM,123,4901.21891788737,6257.51401521854,39156481.65065646,4.511537930959518,-159.59859800889757,15.698456117843682
Energy,24,CeNN_NS,123,1950.0716923828124,2718.964756545311,7392769.347335503,1.7950274320877937,50.742986490885414,6.246020714927844
Energy,24,CeNN_Emu[QELM],123,3267.8997201063366,4262.0405050230875,18164989.266457457,3.008078967463606,-398.77545524088544,10.466984073365131
Energy,24,CeNN_Ada[QELM],123,3153.504049072266,4140.533146103429,17144014.73398116,2.9027785477814265,-429.3858698730469,10.100578195177235
Energy,24,Persistence,2024,5344.605419813368,7057.022145237633,49801561.55837436,4.91967212268357,-49.961061414930555,17.118609687872286
Energy,24,MLP,2024,1955.3972201063368,2743.333026505261,7525876.094314514,1.799929543323709,452.61134895833334,6.26307821933088
Energy,24,N-BEATS,2024,1969.6615561523438,2756.1477284154093,7596350.30084942,1.8130597654602163,355.41296831597225,6.308766456730595
Energy,24,DLinear,2024,1929.965175482856,2740.7272116932577,7511585.648915899,1.7765195231016078,-56.82663338216146,6.18162014875752
Energy,24,NLinear,2024,1932.1558855251735,2768.4977191131625,7664579.620734782,1.7785360564614172,-61.569898111979164,6.1886369268370975
Energy,24,TiDE,2024,1969.3995686306423,2763.739364415629,7638255.274420505,1.812818607768345,229.33954269748264,6.307927318613782
Energy,24,QELM,2024,4769.151681532118,6195.204696793394,38380561.23517093,4.389970958286822,-301.69603412543404,15.275448749827264
Energy,24,CeNN_NS,2024,1951.3235481228298,2699.812618634432,7288988.17573771,1.7961797565911055,2.2450903862847222,6.2500303710419205
Energy,24,CeNN_Emu[QELM],2024,3264.9419417588974,4292.141594465061,18422479.466937073,3.005356353063106,-196.26909974500867,10.457510398678997
Energy,24,CeNN_Ada[QELM],2024,3181.5302416178383,4196.25357654645,17608544.078678872,2.928576463126172,-249.91147273763022,10.190345243170382
ExchangeRate,24,Persistence,42,0.005564750187188378,0.0073870127351224665,5.45679571488615e-05,3.8873498630868566,0.0012220878776556432,0.7417340202280424
ExchangeRate,24,MLP,42,0.006392054172559268,0.00816955165457172,6.674157423671553e-05,4.465276980402369,0.0029025156555693506,0.8520066273313411
ExchangeRate,24,N-BEATS,42,0.007147617367735933,0.008897937030217176,7.917328339371007e-05,4.993088361780386,0.0033293990410138267,0.9527167953430146
ExchangeRate,24,DLinear,42,0.005832375840272756,0.007676832835561837,5.89337623851604e-05,4.074304265509318,0.0016289206975588577,0.7774062507686782
ExchangeRate,24,NLinear,42,0.0058052477769974485,0.007667281017217484,5.8787198196983576e-05,4.055353500513278,0.0016979261565564284,0.7737903099344392
ExchangeRate,24,TiDE,42,0.00660683152739821,0.00850415825832847,7.232070768269631e-05,4.615313314980249,0.00040073399746805245,0.8806346277805623
ExchangeRate,24,QELM,42,0.07578400708244389,0.09511127921800226,0.009046155434484789,52.9401931167299,-0.07274141252032142,10.101365623144488
ExchangeRate,24,CeNN_NS,42,0.023262823789326252,0.031050976614841467,0.0009641631487354317,16.25063692538222,-0.019667376854334583,3.1007371814891127
ExchangeRate,24,CeNN_Emu[QELM],42,0.05783541195960222,0.06649329989684594,0.004421358931171892,40.401900031441755,-0.057820762857851454,7.708970067174834
ExchangeRate,24,CeNN_Ada[QELM],42,0.028874573878614675,0.03725036157877935,0.0013875894377498007,20.170819360794486,-0.02776222421798854,3.8487358901869535
ExchangeRate,24,Persistence,123,0.005564750187188378,0.0073870127351224665,5.45679571488615e-05,3.8873498630868566,0.0012220878776556432,0.7417340202280424
ExchangeRate,24,MLP,123,0.00637681678238409,0.008166787315954374,6.669641506403325e-05,4.454632645145838,0.002801949846786402,0.8499756124084361
ExchangeRate,24,N-BEATS,123,0.006549533219985666,0.008350917496832845,6.973782303890894e-05,4.575286618366254,0.001812046786777311,0.8729972491957669
ExchangeRate,24,DLinear,123,0.005748791099554062,0.007561447360751785,5.717548618942014e-05,4.015914738673589,0.0011324189365660199,0.7662651134889256
ExchangeRate,24,NLinear,123,0.005800660271148498,0.007669740047826356,5.8824912401231436e-05,4.0521488211235575,0.0017242343834104473,0.7731788342991095
ExchangeRate,24,TiDE,123,0.006512262829832072,0.00837130222679825,7.007870097239732e-05,4.54925076029767,0.0020049356637135006,0.8680294221785293
ExchangeRate,24,QELM,123,0.028167688488122976,0.035277365169463185,0.0012444924932996542,19.67701267882115,-0.009754132798864439,3.754514060833857
ExchangeRate,24,CeNN_NS,123,0.02542156054762884,0.03398653537531294,0.0011550845868173979,17.758658805887897,-0.02241120942510427,3.3884784889131665
ExchangeRate,24,CeNN_Emu[QELM],123,0.046324244478239386,0.05555418047364942,0.00308626696809881,32.36058032662049,-0.04615445962278753,6.174629037252778
ExchangeRate,24,CeNN_Ada[QELM],123,0.036511912702083725,0.046112731712139594,0.0021263840259557647,25.506010884416302,-0.03563053383965362,4.866728403564741
ExchangeRate,24,Persistence,2024,0.005564750187188378,0.0073870127351224665,5.45679571488615e-05,3.8873498630868566,0.0012220878776556432,0.7417340202280424
ExchangeRate,24,MLP,2024,0.006553763704129678,0.008355016330620493,6.980629788493512e-05,4.578241894237556,0.0028487437295397367,0.8735611368647719
ExchangeRate,24,N-BEATS,2024,0.006281880344045347,0.0080315064739545,6.450509624117305e-05,4.388313198959786,0.0009698879528645713,0.8373213900792381
ExchangeRate,24,DLinear,2024,0.005716852830678774,0.007535431140253008,5.678272246949475e-05,3.9936037236301067,0.0008705038471566608,0.7620080130306639
ExchangeRate,24,NLinear,2024,0.005807974493255872,0.0076726009976547365,5.8868806069212456e-05,4.057258294029125,0.0017163897811372203,0.7741537580937182
ExchangeRate,24,TiDE,2024,0.0064518163370430245,0.00822902687287475,6.77168832744948e-05,4.507024845824714,0.0006840345273947276,0.8599724171743641
ExchangeRate,24,QELM,2024,0.057369947841214894,0.0673032170215239,0.004529723021446346,40.076742240701996,-0.055096312365250734,7.646927646546825
ExchangeRate,24,CeNN_NS,2024,0.0254787758367781,0.033976450048086825,0.0011543991578701392,17.798627508697397,-0.022307308479589713,3.3961048018673208
ExchangeRate,24,CeNN_Emu[QELM],2024,0.041417105370336084,0.05049319405013897,0.0025495626453849894,28.932615746436134,-0.040821252506851,5.520548998457292
ExchangeRate,24,CeNN_Ada[QELM],2024,0.030609089387310922,0.0388853540505639,0.001512070759637706,21.382494350406045,-0.02985547342982807,4.079932101721329
Jena,24,Persistence,42,1.7490636322941218,2.890724052892286,8.356285549970005,8.752194939686031,0.07450766684425374,21.220405534685447
Jena,24,MLP,42,1.5722381402186842,2.4185924364910933,5.849589373851923,7.8673722560651695,0.2799859318383452,19.075081270073383
Jena,24,N-BEATS,42,1.8083327848598776,2.615190062504072,6.8392190630200504,9.048773730524589,0.9796045340545889,21.93948483512966
Jena,24,DLinear,42,1.5408399419076224,2.5082821215705744,6.291479201390581,7.710257816487638,0.2366632486761858,18.69414458548559
Jena,24,NLinear,42,1.5297702651766854,2.5130406816545174,6.315373467650602,7.654865910281577,0.14538400453142822,18.55984242229885
Jena,24,TiDE,42,1.5802825718726963,2.3876028792861232,5.700647509175386,7.907626042556943,0.3686376214273688,19.172679835867296
Jena,24,QELM,42,4.938106792350558,6.594681873948783,43.48982901858864,24.70994907312328,0.9424291578910003,59.911272964849104
Jena,24,CeNN_NS,42,1.6916082813040767,2.5282410133155637,6.392002621410908,8.464692288033849,0.2512068749978724,20.523332068840595
Jena,24,CeNN_Emu[QELM],42,3.7726673315866437,4.8216337057121725,23.2481515920597,18.878169621149006,0.9888188766288675,45.771651325642424
Jena,24,CeNN_Ada[QELM],42,3.001428470820344,4.01772995550523,16.14215399536406,15.018943044220817,0.557733062715787,36.414643903274616
Jena,24,Persistence,123,1.7490636322941218,2.890724052892286,8.356285549970005,8.752194939686031,0.07450766684425374,21.220405534685447
Jena,24,MLP,123,1.5585883878593125,2.4050759539580144,5.784390344307053,7.799069827656109,0.27388392017098767,18.909476500089127
Jena,24,N-BEATS,123,1.7720183252490953,2.582458917402724,6.669094060072848,8.867058655226817,0.8379220579314149,21.498901916655168
Jena,24,DLinear,123,1.5224209635821688,2.4964579254273733,6.232302173429144,7.618090507124068,0.20545084549797077,18.470677478638226
Jena,24,NLinear,123,1.5276094925290284,2.5119822471557853,6.310054810025829,7.644053551552335,0.1454029979356047,18.533626982788856
Jena,24,TiDE,123,1.5583767392529277,2.3621329558165085,5.579672100954435,7.798010752487207,0.31886559921316804,18.906908686559984
Jena,24,QELM,123,5.1486202661783125,6.694559990167866,44.81713346195638,25.76334411624952,1.1516070545628252,62.46531456897362
Jena,24,CeNN_NS,123,1.714584108857852,2.5325689748955975,6.413905612603738,8.579661759663361,0.4470473955453684,20.802084865013377
Jena,24,CeNN_Emu[QELM],123,3.6519289917198736,4.815651371366471,23.190498130543773,18.274003215938233,0.47883804758203524,44.306800940412586
Jena,24,CeNN_Ada[QELM],123,2.9274228287519266,3.936508470083488,15.496098935039045,14.64862386654181,0.5013166272952738,35.516775062169756
Jena,24,Persistence,2024,1.7490636322941218,2.890724052892286,8.356285549970005,8.752194939686031,0.07450766684425374,21.220405534685447
Jena,24,MLP,2024,1.56996000566556,2.414802441820108,5.831270833020355,7.855972626377812,0.34203853450694843,19.047441944558127
Jena,24,N-BEATS,2024,1.7452944321826929,2.5800871319237126,6.656849608318329,8.73333411979771,0.8054760164136274,21.174675949192327
Jena,24,DLinear,2024,1.5404504715342384,2.5089636727568005,6.2948987112132935,7.70830893334345,0.23971125729030204,18.6894193604484
Jena,24,NLinear,2024,1.5271822123592202,2.5123958322247106,6.312132817780095,7.641915470769581,0.14561122558990286,18.528443032752477
Jena,24,TiDE,2024,1.5985358112574453,2.399678946371694,5.758459045659564,7.9989640055826445,0.3746417088754889,19.394136125343746
Jena,24,QELM,2024,4.926043310148538,6.605213398268494,43.628844036665626,24.64958423222551,0.987493292455665,59.76491351870844
Jena,24,CeNN_NS,2024,1.7423514163047076,2.58470080207517,6.680678236248028,8.718607469377947,0.06099070884597798,21.138969992431935
Jena,24,CeNN_Emu[QELM],2024,3.3873784298075673,4.511018026882819,20.34928363886176,16.950210275241705,0.6138958093505352,41.09715773215221
Jena,24,CeNN_Ada[QELM],2024,2.870753418866545,3.888198671515786,15.118088909177125,14.365054010490725,0.5210979872592207,34.82923697780526
AAPL,24,Persistence,42,0.028454810527416174,0.04713747754277329,0.002221941789095456,0.85880943470701,0.00034422487920647647,144.34472095240872
AAPL,24,MLP,42,0.01984201334293659,0.033343365855155384,0.0011117800465507417,0.5988621237199178,-0.0005499461345795729,100.6539782213839
AAPL,24,N-BEATS,42,0.01996115663570445,0.03344042374911167,0.001118261940520152,0.6024580494004811,-0.00034540265692019063,101.25836479185
AAPL,24,DLinear,42,0.02030558981100469,0.033727138261136984,0.0011375198552858504,0.6128535661897752,-0.0004996673357127805,103.00559521278576
AAPL,24,NLinear,42,0.020608382531585076,0.034107060882884524,0.0011632916020687918,0.6219923107596781,0.0008184411816298094,104.54159316703273
AAPL,24,TiDE,42,0.020705543103404223,0.03405603912193856,0.0011598138006750096,0.6249247645069773,-0.00025087727617240194,105.03446644107188
AAPL,24,QELM,42,0.02009179416583544,0.033592248236386006,0.0011284391415749787,0.6064008886365819,-0.0005408598727042527,101.92105898953237
AAPL,24,CeNN_NS,42,0.01994187026166424,0.03342510118636075,0.0011172373893184552,0.6018759573155219,-0.0004717188714554946,101.1605294442438
AAPL,24,CeNN_Emu[QELM],42,0.019881207616075976,0.03337682713114285,0.0011140125893421935,0.6000450664608704,-0.00039580167095465413,100.85280177052634
AAPL,24,CeNN_Ada[QELM],42,0.019881207606328825,0.03337682712314854,0.0011140125888085438,0.6000450661666865,-0.0003958016660547348,100.85280172108129
AAPL,24,Persistence,123,0.028454810527416174,0.04713747754277329,0.002221941789095456,0.85880943470701,0.00034422487920647647,144.34472095240872
AAPL,24,MLP,123,0.019816721395595312,0.033327194350989534,0.0011107018833086287,0.5980987743039069,-0.0007255045138296357,100.52567797922265
AAPL,24,N-BEATS,123,0.019986709075904007,0.03345726834723153,0.0011193888052586608,0.6032292608869192,-0.000496886686339811,101.38798645447551
AAPL,24,DLinear,123,0.020310757615402773,0.033736104470859424,0.0011381247448687412,0.6130095383818767,-0.00045534520030923487,103.0318102980368
AAPL,24,NLinear,123,0.02057105563185859,0.03408880223872633,0.0011620464380709935,0.6208657281868445,0.0008147487684083772,104.35224237448936
AAPL,24,TiDE,123,0.02071390988383813,0.0340724771816497,0.0011609337012940396,0.6251772866584722,-0.0003439198562434045,105.0769091973095
AAPL,24,QELM,123,0.020141794898272572,0.03360580170887432,0.0011293499084961802,0.6079099867455958,-0.0004862528097565203,102.17470122567025
AAPL,24,CeNN_NS,123,0.019876651255182134,0.03337998605874662,0.0011142234692821187,0.599907548563157,-0.0005235836140012254,100.82968839779289
AAPL,24,CeNN_Emu[QELM],123,0.01984747922258179,0.03335212044301652,0.0011123639380454802,0.5990270922760692,-0.0005557891325456052,100.68170537392935
AAPL,24,CeNN_Ada[QELM],123,0.019847479214266987,0.033352120437889654,0.0011123639377034966,0.5990270920251158,-0.000555789128461979,100.68170533175027
AAPL,24,Persistence,2024,0.028454810527416174,0.04713747754277329,0.002221941789095456,0.85880943470701,0.00034422487920647647,144.34472095240872
AAPL,24,MLP,2024,0.019821790573076134,0.03334535645875542,0.0011119127973614619,0.5982517697857268,-0.0008455114343221104,100.55139275276585
AAPL,24,N-BEATS,2024,0.019946356102290532,0.03344708254639082,0.001118707330865081,0.6020113468043656,-0.00044920931591224255,101.1832850838505
AAPL,24,DLinear,2024,0.020316310707368772,0.033730582120826816,0.0011377521702098416,0.6131771391384377,-0.00045847902973553725,103.05997985866287
AAPL,24,NLinear,2024,0.02061005303968057,0.03409896085516996,0.0011627391314024131,0.6220427292332709,0.0008171307932366156,104.55006727107434
AAPL,24,TiDE,2024,0.02074677748108435,0.03409971352106101,0.0011627904622184312,0.6261692807040486,-0.00046690284252735495,105.24363897216816
AAPL,24,QELM,2024,0.020075076853401277,0.03352565661786596,0.0011239696516590597,0.6058963347360184,-0.0005596213782738224,101.83625590163064
AAPL,24,CeNN_NS,2024,0.019896433460337995,0.03339951559590218,0.0011155276420409131,0.6005046055848791,-0.0005403044832156964,100.93003898281243
AAPL,24,CeNN_Emu[QELM],2024,0.019858769548033554,0.03335835044041793,0.0011127795441057315,0.5993678514601638,-0.0004983735050237015,100.73897860283476
AAPL,24,CeNN_Ada[QELM],2024,0.019858769543916646,0.033358350436009744,0.0011127795438116313,0.5993678513359092,-0.0004983734810905446,100.73897858195062
ETTh1,48,Persistence,42,1.8665636733049815,2.490522841447224,6.202704023770354,2.6980133332993503,-0.05238226603748452,20.77991351725636
ETTh1,48,MLP,42,1.737264831890324,2.280740794004352,5.201778569435602,2.511119093844223,-0.2831338636405098,19.3404669122977
ETTh1,48,DLinear,42,1.766361057131034,2.347379840613065,5.510192116116618,2.553176059149413,-0.09029497299735409,19.66438677253478
ETTh1,48,NLinear,42,1.7995142326569669,2.380700418245704,5.66773448143527,2.601097119057218,-0.17772761049821434,20.03347148692413
ETTh1,48,N-BEATS,42,1.743915666458364,2.2841938063327425,5.217541344888862,2.520732503018938,-0.23381804857065155,19.414508729953315
ETTh1,48,TiDE,42,1.7413106951123598,2.317816105322071,5.372271498090374,2.5169671627174535,-0.0029374396147845367,19.385508337382166
ETTh1,48,QELM,42,3.9519902138510656,5.337306607399997,28.486841821395668,5.712380693212257,2.405983783623092,43.996364034804905
ETTh1,48,CeNN_NS,42,2.1024245920743483,2.6260325871002403,6.896047148512381,3.0389370921536307,-1.0109663581871715,23.405684908944245
ETTh1,48,CeNN_Emu[QELM],42,2.968472980651902,3.7238140129926056,13.866790803360093,4.290761572122964,2.5536189355162398,33.04715113577589
ETTh1,48,CeNN_Ada[QELM],42,1.9553814786785126,2.634889518349207,6.942642773906515,2.826394500553011,1.0083411922734191,21.768696456113503
ETTh1,48,Persistence,123,1.8665636733049815,2.490522841447224,6.202704023770354,2.6980133332993503,-0.05238226603748452,20.77991351725636
ETTh1,48,MLP,123,1.737316764512393,2.2928049171581906,5.256954388144778,2.511194159543175,-0.28998448810820404,19.34104506315896
ETTh1,48,DLinear,123,1.763403203811709,2.344710578703188,5.4976676978826395,2.5489006477034417,-0.07811404432374797,19.63145784701708
ETTh1,48,NLinear,123,1.7989517699241342,2.380709041416101,5.667775539880372,2.600284110653396,-0.17782361685302067,20.027209751998022
ETTh1,48,N-BEATS,123,1.7345076565733977,2.307907034443133,5.326434879632096,2.507133751220395,0.005635356536962682,19.309772076939524
ETTh1,48,TiDE,123,1.8944590489601874,2.4237733140616955,5.874677077957615,2.7383345377305277,-0.510475343936088,21.090464666374242
ETTh1,48,QELM,123,4.210350822922997,5.916127946444584,35.00056987870262,6.085826495273315,2.4576884505414647,46.87261797114904
ETTh1,48,CeNN_NS,123,1.8856309126244697,2.3689773036953157,5.612053465423528,2.725573960696594,-0.635197298875237,20.99218357787007
ETTh1,48,CeNN_Emu[QELM],123,2.6631232574610615,3.438927394285755,11.82622162316901,3.8493956352034653,2.0925101087890665,29.647780982391847
ETTh1,48,CeNN_Ada[QELM],123,1.929027311497234,2.580507530709688,6.6590191160494125,2.78830102672193,0.7443562100292971,21.4753031351792
ETTh1,48,Persistence,2024,1.8665636733049815,2.490522841447224,6.202704023770354,2.6980133332993503,-0.05238226603748452,20.77991351725636
ETTh1,48,MLP,2024,1.9094853038439938,2.401326444112914,5.766368691195972,2.7600541482671894,-0.8147271404838604,21.257747616020897
ETTh1,48,DLinear,2024,1.7647503389563355,2.345872294140241,5.503116820414798,2.5508478561667474,-0.0841918885118576,19.64645511295649
ETTh1,48,NLinear,2024,1.79919980794889,2.3806636051385293,5.66755920083118,2.6006426357374997,-0.1779787878168832,20.029971087588724
ETTh1,48,N-BEATS,2024,1.7160650768267027,2.2980030446979898,5.2808179934412305,2.480476034278483,0.0390312676622728,19.1044561706823
ETTh1,48,TiDE,2024,1.83702411288986,2.3856743548149644,5.691442127221796,2.65531555180943,-0.4758562874388734,20.451058134746354
ETTh1,48,QELM,2024,4.351853587884337,5.7802322752824296,33.41108515621669,6.290360823260335,1.8809858266397739,48.44792732726809
ETTh1,48,CeNN_NS,2024,2.304256760138538,2.7910371238203258,7.789888226543237,3.3306741961773647,-1.37896619968678,25.652624061010844
ETTh1,48,CeNN_Emu[QELM],2024,2.7834579719334847,3.6079344736486623,13.01719116614245,4.023332730813233,1.7791224711345675,30.987432554755927
ETTh1,48,CeNN_Ada[QELM],2024,2.10989337475427,2.8051997737295893,7.869145770532539,3.049732799550134,1.0666546136376536,23.48883270635806
ETTm2,48,Persistence,42,4.192473032063908,5.613646477888215,31.513026778706763,18.627777733038933,-0.14451679180728064,11.522030563128686
ETTm2,48,MLP,42,2.2789905374977324,3.3668044360895664,11.335372110872383,10.125892012549876,-0.12418423993057674,6.2632719221578705
ETTm2,48,DLinear,42,1.9805441142055724,3.1025346368766975,9.62572117301962,8.799850414717588,-0.2933104387521744,5.443061801704007
ETTm2,48,NLinear,42,1.956677958620919,3.0676199189292968,9.410291967011785,8.693809555736989,-0.16503316497802734,5.37747126075892
ETTm2,48,N-BEATS,42,2.4568067669736013,3.5290094183870777,12.453907475064701,10.915955818487566,-1.1252418157921897,6.751958197530919
ETTm2,48,TiDE,42,2.194235399365425,3.321219625868021,11.030499803250917,9.749312398850034,-0.4897447932428784,6.0303422683535395
ETTm2,48,QELM,42,10.992988230692015,13.218258888880687,174.72236805347328,48.843472532114376,-10.485541423651908,30.211654411475912
ETTm2,48,CeNN_NS,42,2.9318005557060243,4.009968093443173,16.079844110432273,13.02642347168695,-1.551058176782396,8.057367417629592
ETTm2,48,CeNN_Emu[QELM],42,9.249252764927016,10.530386831062076,110.8890468118056,41.0957979655598,-9.121111268586583,25.419405737030655
ETTm2,48,CeNN_Ada[QELM],42,8.707797338432735,9.918743472039633,98.38147206412883,38.69003142634893,-8.61703884291649,23.931342265918055
ETTm2,48,Persistence,123,4.192473032063908,5.613646477888215,31.513026778706763,18.627777733038933,-0.14451679180728064,11.522030563128686
ETTm2,48,MLP,123,2.4001840540568034,3.4601698815028157,11.97277560885921,10.664372730704043,-0.7464632864528232,6.596343927908907
ETTm2,48,DLinear,123,1.9852974594831467,3.102840667629875,9.627620208697808,8.820970230788403,-0.28712321359581416,5.4561252583193385
ETTm2,48,NLinear,123,1.9550273376438352,3.0675638382449577,9.409947901708138,8.68647560261494,-0.16473498660988278,5.372934915456125
ETTm2,48,N-BEATS,123,2.5249356881512535,3.57974790966879,12.81459509677807,11.218662691300597,-1.1759843712647755,6.939194586659332
ETTm2,48,TiDE,123,2.186680360847049,3.3166943928464465,11.000461695539057,9.715744245350052,-0.5078727314207289,6.0095790138141325
ETTm2,48,QELM,123,11.574754611604744,13.305202601129821,177.02841625711176,51.42834660365059,-11.236428983589013,31.810503102978966
ETTm2,48,CeNN_NS,123,3.087631833606296,4.063157320585349,16.50924741182631,13.718804886279539,-1.928791831307941,8.485633200838324
ETTm2,48,CeNN_Emu[QELM],123,11.40438567908605,12.649372743102717,160.00663079394997,50.67137223952187,-11.303696196397146,31.342283979689423
ETTm2,48,CeNN_Ada[QELM],123,10.099023345232009,11.190232721879788,125.22130836982913,44.87145433184638,-9.993316241926617,27.754801223904344
ETTm2,48,Persistence,2024,4.192473032063908,5.613646477888215,31.513026778706763,18.627777733038933,-0.14451679180728064,11.522030563128686
ETTm2,48,MLP,2024,2.341886661556032,3.399661010213284,11.557694984364407,10.40534879384988,-0.02841735948456658,6.4361271935358
ETTm2,48,DLinear,2024,1.98153379395273,3.101557842591069,9.619661050938166,8.804247708204258,-0.25369703798823884,5.44578170477965
ETTm2,48,NLinear,2024,1.9543661599821514,3.0670550845786013,9.40682689183945,8.683537892478297,-0.16453726642661626,5.37111782345164
ETTm2,48,N-BEATS,2024,2.5710065872536765,3.5270366898442536,12.43998781150751,11.4233625097318,-0.7410081298748652,7.065809666462866
ETTm2,48,TiDE,2024,2.1915216669506496,3.2887060981062546,10.815587799721266,9.73725488437999,-0.4400838143295712,6.022884210165911
ETTm2,48,QELM,2024,14.255642079631487,15.873162376245476,251.95728382265494,63.33992611764147,-14.034602418753837,39.17829464431331
ETTm2,48,CeNN_NS,2024,3.232589836186833,4.274068548993954,18.267661961499286,14.362874730508501,-2.118512530154652,8.88401633254348
ETTm2,48,CeNN_Emu[QELM],2024,11.676750227557289,12.57224472017654,158.0613373040069,51.88152821010998,-11.652802515400781,32.09081417363404
ETTm2,48,CeNN_Ada[QELM],2024,10.547095226691829,11.440255272064729,130.8794406900048,46.862303969380996,-10.460997781521744,28.986221884973475
Energy,48,Persistence,42,5696.846684027778,7475.860964805412,55888497.165101305,5.243907756915847,-89.52189474826389,18.277772457425893
Energy,48,MLP,42,2578.6524140489364,3582.3173609867868,12832997.674827335,2.3736316152465826,368.9437621663412,8.273352730892736
Energy,48,DLinear,42,2535.2140260687934,3548.228636651521,12589926.457953911,2.333646881180343,-103.77042309570312,8.133984934029876
Energy,48,NLinear,42,2568.011180569119,3629.7123743564653,13174811.920556448,2.3638364338272866,-107.97580524359809,8.239211379545548
Energy,48,N-BEATS,42,2648.8200723605687,3655.973470821079,13366142.019347526,2.43822045677827,551.0651590304905,8.49847876352517
Energy,48,TiDE,42,2633.8488248291014,3620.6726862723526,13109270.701118656,2.4244395275352417,386.8735190294054,8.450444987831125
Energy,48,QELM,42,4882.153594428169,6338.146294651571,40172098.452405445,4.493988433295114,-456.3441921115451,15.663909782116733
Energy,48,CeNN_NS,42,2526.6794482421874,3475.3610577035906,12078134.481402619,2.325790861640196,184.16210413953993,8.106602580214343
Energy,48,CeNN_Emu[QELM],42,3730.0421759982637,4913.198907331748,24139523.50300588,3.4334778843848532,-436.1596356065538,11.967473574573308
Energy,48,CeNN_Ada[QELM],42,3672.64861851671,4823.708517326169,23268163.860125028,3.38064751383647,-281.6667985026042,11.783331988472495
Energy,48,Persistence,123,5696.846684027778,7475.860964805412,55888497.165101305,5.243907756915847,-89.52189474826389,18.277772457425893
Energy,48,MLP,123,2596.8648780381945,3592.2987196216272,12904610.090995181,2.390396061699668,416.4692620442708,8.331785630907056
Energy,48,DLinear,123,2534.9284818115234,3547.3542662574764,12583722.290335119,2.333384039677193,-103.68654178873697,8.133068793355854
Energy,48,NLinear,123,2567.0157544487847,3629.1359859184013,13170628.004287926,2.362920151005688,-107.86483159722222,8.236017652711253
Energy,48,N-BEATS,123,2622.5730755615236,3608.010968724504,13017743.150436332,2.4140602787457195,625.4407068277994,8.414267854966095
Energy,48,TiDE,123,2578.626996975369,3576.150227308027,12788850.448275253,2.3736082190071137,296.5414718560113,8.273271182711264
Energy,48,QELM,123,4907.540010891385,6271.330772616113,39329589.65956181,4.517356453112988,-147.665231648763,15.745359603282724
Energy,48,CeNN_NS,123,2542.8346361490885,3486.8930327715307,12158423.021990644,2.340661599765719,194.66038533528646,8.158434912194975
Energy,48,CeNN_Emu[QELM],123,3692.2916143391926,4863.343397570472,23652109.002692305,3.3987287548941554,-530.0475878092448,11.846354609220235
Energy,48,CeNN_Ada[QELM],123,3603.098229871962,4722.352959247053,22300617.471709404,3.3166268647406714,-293.23623155381944,11.560186404874752
Energy,48,Persistence,2024,5696.846684027778,7475.860964805412,55888497.165101305,5.243907756915847,-89.52189474826389,18.277772457425893
Energy,48,MLP,2024,2547.976671386719,3561.670887031969,12685499.507531092,2.3453948074443716,303.27207033962674,8.174932626677089
Energy,48,DLinear,2024,2535.8291516927084,3548.110154510046,12589085.668537302,2.334213100039588,-103.69767540147569,8.135958504113509
Energy,48,NLinear,2024,2568.7008528374568,3630.67654882775,13181812.202207783,2.3644712723543275,-108.02249338107639,8.2414241252082
Energy,48,N-BEATS,2024,2604.0760745985244,3618.9608847258446,13096877.88517567,2.397033917986968,485.88221451822915,8.354922046047914
Energy,48,TiDE,2024,2563.7008116590714,3567.9499976732973,12730267.185896883,2.359868769219787,267.499583984375,8.22538198470396
Energy,48,QELM,2024,4805.4231255289715,6236.216469367003,38890395.85280424,4.423358570255196,-291.2140128173828,15.41772761698612
Energy,48,CeNN_NS,2024,2569.0532378879125,3528.493616937759,12450267.204770507,2.364795640342795,142.9114293484158,8.242554717995205
Energy,48,CeNN_Emu[QELM],2024,3676.1985760362413,4836.560939100811,23392321.71763572,3.3839152250468816,-257.25511458333335,11.794721678133168
Energy,48,CeNN_Ada[QELM],2024,3630.171311699761,4768.111853275176,22734890.645343237,3.3415474482976157,-229.19074309624565,11.647047726025828
ExchangeRate,48,Persistence,42,0.008017814475339792,0.010410570187132036,0.00010837997162120237,5.600979191253829,0.0021907994531821114,1.067112078621174
ExchangeRate,48,MLP,42,0.009021388627926718,0.011635432026873688,0.00013538327845199794,6.302042799398909,-0.0015273210896467443,1.2006804099053838
ExchangeRate,48,DLinear,42,0.008191136224099966,0.010534156022837885,0.00011096844311349171,5.722056014767674,0.0016864562624635353,1.0901799273670616
ExchangeRate,48,NLinear,42,0.008383806222515005,0.010862622017963475,0.00011799655710514488,5.856648883587553,0.003148437095797826,1.1158228856980348
ExchangeRate,48,N-BEATS,42,0.0084595872977253,0.010927315462351978,0.00011940622321375662,5.909587028595668,0.0001082492053055226,1.125908788899777
ExchangeRate,48,TiDE,42,0.009207679014920072,0.011786375709192238,0.00013891865235823685,6.432179083331343,-0.0002665143816538083,1.225474288923543
ExchangeRate,48,QELM,42,0.08401154420500197,0.1042101124980576,0.010859747546857822,58.687677591514195,-0.08112583761527276,11.181318031304906
ExchangeRate,48,CeNN_NS,42,0.03061953044823816,0.03952243121989656,0.0015620225695314543,21.389788129174303,-0.02822631388632289,4.075234078254102
ExchangeRate,48,CeNN_Emu[QELM],42,0.05601069834960948,0.06587520034477871,0.004339542020464733,39.127215640701486,-0.055725957583423455,7.454611593309823
ExchangeRate,48,CeNN_Ada[QELM],42,0.03608157441133395,0.04543652681204942,0.0020644779687420856,25.20539083152002,-0.03468678046409275,4.802191917563843
ExchangeRate,48,Persistence,123,0.008017814475339792,0.010410570187132036,0.00010837997162120237,5.600979191253829,0.0021907994531821114,1.067112078621174
ExchangeRate,48,MLP,123,0.010968416967402783,0.013757236152416835,0.00018926154655336477,7.662172202209115,0.0020566037056091624,1.4598155476493366
ExchangeRate,48,DLinear,123,0.007974610269017341,0.010351681138303264,0.00010715730238910356,5.570798166071599,0.0016615477210428062,1.0613619168338528
ExchangeRate,48,NLinear,123,0.008378096555002885,0.010858873285350535,0.00011791512902729952,5.852660299289086,0.003155181988450146,1.115062970987382
ExchangeRate,48,N-BEATS,123,0.009246340889853275,0.011954509264032692,0.00014291029174384344,6.459186986502681,-0.00329994655358432,1.230619899844107
ExchangeRate,48,TiDE,123,0.010399947909407703,0.01323062920717962,0.0001750495492178744,7.265058577979594,4.893209145262397e-05,1.384156501162951
ExchangeRate,48,QELM,123,0.03174392551833473,0.03914351864138127,0.0015322150516281629,22.175253221903624,-0.02081755402734798,4.224882784161743
ExchangeRate,48,CeNN_NS,123,0.03230924577388737,0.041261424886987176,0.0017025051837044846,22.570167197212395,-0.030323553014898776,4.300122748224875
ExchangeRate,48,CeNN_Emu[QELM],123,0.17821662836616278,0.18196575067971688,0.03311153442043288,124.49622401271537,-0.17821662836616278,23.719321184793767
ExchangeRate,48,CeNN_Ada[QELM],123,0.04476181992032844,0.05450983491018887,0.002971322101936045,31.26912236589083,-0.04422928114226243,5.957468689873129
ExchangeRate,48,Persistence,2024,0.008017814475339792,0.010410570187132036,0.00010837997162120237,5.600979191253829,0.0021907994531821114,1.067112078621174
ExchangeRate,48,MLP,2024,0.008589717476932076,0.011116164415542366,0.00012356911131337033,6.0004916545549,-0.0004311280283081556,1.1432281577192709
ExchangeRate,48,DLinear,2024,0.007995879852679308,0.010354235502439064,0.00010721019283996955,5.58565639157229,0.0016241760154216305,1.064192741830208
ExchangeRate,48,NLinear,2024,0.008380622460997729,0.010857960305810547,0.00011789530200255745,5.854424813416932,0.0031565231583709427,1.1153991504792933
ExchangeRate,48,N-BEATS,2024,0.00853263071738456,0.01100121845057681,0.00012102680739731162,5.9606127382610445,0.00022816378050880332,1.1356303303026027
ExchangeRate,48,TiDE,2024,0.009259497163011067,0.011790762875162827,0.00013902208917831798,6.468377522454578,-0.001512826304530623,1.232370902943455
ExchangeRate,48,QELM,2024,0.07238278524033814,0.0869655954657287,0.007563014794708771,50.56421237770626,-0.07037670637802802,9.633615825331734
ExchangeRate,48,CeNN_NS,2024,0.03221249476921185,0.040992591903980365,0.0016803925910062766,22.50258015518402,-0.030486971969567164,4.287245901794277
ExchangeRate,48,CeNN_Emu[QELM],2024,0.17037349696662785,0.1742163189811143,0.03035132579932937,119.01727262288505,-0.17037349696662785,22.675458137525883
ExchangeRate,48,CeNN_Ada[QELM],2024,0.03527515910332545,0.04376369522297283,0.001915261019569255,24.64205585120137,-0.034308912783625675,4.694863976987566
Jena,48,Persistence,42,2.9646923408328245,4.534212597145887,20.559083876116443,14.83511795916162,0.10568371242540889,35.779033585150884
Jena,48,MLP,42,2.507784209539208,3.4782646648011406,12.098325078404192,12.548780880982106,0.33751207933748245,30.264892657363912
Jena,48,DLinear,42,2.5481011116877976,3.7692079746384457,14.206928756078055,12.750523905337303,0.3158270014252048,30.751452350643383
Jena,48,NLinear,42,2.5295392803474743,3.779762361393596,14.28660350860769,12.657641769245433,0.25532413956779054,30.527441117578718
Jena,48,N-BEATS,42,2.564363173214667,3.5236950172846915,12.416426574836962,12.831898150377,0.9875526317151833,30.94770908781639
Jena,48,TiDE,42,2.5260309843028277,3.4834875978720135,12.13468584452813,12.640086495485265,0.673855714641589,30.485101667957178
Jena,48,QELM,42,5.071197474060787,6.680218803299005,44.62532325994959,25.37592575314595,0.9218052384945202,61.20113788616036
Jena,48,CeNN_NS,42,2.677788337581248,3.6468163659035,13.299269606621609,13.399469924938552,0.4652240730185424,32.316567066561376
Jena,48,CeNN_Emu[QELM],42,4.021246986818241,5.312984177554542,28.22780087094491,20.1220452357676,0.4088885145544126,48.52993648411413
Jena,48,CeNN_Ada[QELM],42,4.0032618512770215,5.230371060784044,27.356781433487214,20.03204884606109,0.9248112329667589,48.312885035064944
Jena,48,Persistence,123,2.9646923408328245,4.534212597145887,20.559083876116443,14.83511795916162,0.10568371242540889,35.779033585150884
Jena,48,MLP,123,2.5947141180446165,3.583583248344492,12.842068897815262,12.983772205071602,0.4079250739540439,31.31399582167248
Jena,48,DLinear,123,2.5147648023506886,3.750543392619956,14.066575739925211,12.583711290575332,0.31265185316328686,30.34913710364465
Jena,48,NLinear,123,2.528090834115968,3.779541773314015,14.28493601622565,12.650393843244496,0.2551063268210273,30.50996071812898
Jena,48,N-BEATS,123,2.5680969661705766,3.5498256177271093,12.601261916271653,12.850581795277723,0.7967071050828478,30.99276991983917
Jena,48,TiDE,123,2.5222348576514566,3.464029784488158,11.999502347821075,12.621090937030392,0.5229160410820558,30.43928856921428
Jena,48,QELM,123,5.147223311176497,6.67530819275908,44.5597394683165,25.756353848844658,1.0697627341077507,62.11864657400555
Jena,48,CeNN_NS,123,2.826737190786801,3.852145592374016,14.839025664846561,14.144799811872284,1.1307173124312475,34.11413841921449
Jena,48,CeNN_Emu[QELM],123,3.865608838098305,5.137045392335492,26.389235362915304,19.343242571017175,0.019943482077033777,46.6516361716382
Jena,48,CeNN_Ada[QELM],123,3.926081423581138,5.116045874592049,26.17392539093032,19.645843257967815,0.2916409859119966,47.38144230941889
Jena,48,Persistence,2024,2.9646923408328245,4.534212597145887,20.559083876116443,14.83511795916162,0.10568371242540889,35.779033585150884
Jena,48,MLP,2024,2.550495929239214,3.556631210834637,12.649625569883057,12.762507408777648,0.9475946547712665,30.780353918749565
Jena,48,DLinear,2024,2.5140054891012453,3.7505554944616057,14.066666517036142,12.57991173894284,0.3119272254168108,30.33997342285414
Jena,48,NLinear,2024,2.5517529428954133,3.7984004748896636,14.427846167642022,12.768797419248264,0.24147095207629415,30.795524037146908
Jena,48,N-BEATS,2024,2.563357532128873,3.544087489205535,12.560556131143194,12.826865991077753,0.018400365669771823,30.9355726291061
Jena,48,TiDE,2024,2.457699115559252,3.42383239162856,11.722628245964945,12.298158491955519,0.5099597480620723,29.660446713701205
Jena,48,QELM,2024,4.941476947999301,6.510300382988565,42.38401107674106,24.726813101778543,0.976988235171548,59.63562129116232
Jena,48,CeNN_NS,2024,2.6550886700835545,3.6084856769221436,13.021168880552262,13.285882339365532,0.4298589492697631,32.04261885460506
Jena,48,CeNN_Emu[QELM],2024,3.8823206549574776,5.134172886234747,26.359731225748035,19.426867361017504,-0.07680009739672662,46.85332072704312
Jena,48,CeNN_Ada[QELM],2024,3.700830981272635,4.951855262691216,24.520870542642687,18.518705431227495,-7.630557559120158e-05,44.66303438916836
AAPL,48,Persistence,42,0.028468993826460186,0.04736780629886749,0.002243709073567031,0.859237508231609,0.00029515359147653435,145.42912611987165
AAPL,48,MLP,42,0.019668636767573695,0.033475239048768646,0.0011205916293722052,0.5936293551328494,-0.0007819450257710447,100.47396386797696
AAPL,48,DLinear,42,0.020248862815043,0.03395715068075234,0.0011530880823553192,0.6111414592232731,-0.0006783118391966267,103.43795225301852
AAPL,48,NLinear,42,0.020597971213615028,0.03438589940237396,0.0011823900777101818,0.6216780813575249,0.0007609729365988347,105.22131451846852
AAPL,48,N-BEATS,42,0.019804355041497745,0.033575860453706335,0.001127338405206761,0.5977255389396551,-0.0008159554285561783,101.16725812683225
AAPL,48,TiDE,42,0.02059992553507835,0.03424401996691773,0.0011726529034946599,0.6217370657499718,-0.0006900755786193281,105.23129784504131
AAPL,48,QELM,42,0.019942103296044244,0.033705500110930035,0.0011360607377279047,0.6018829906473364,-0.0007686687949215194,101.87092220450738
AAPL,48,CeNN_NS,42,0.01979294260363056,0.033577892075458894,0.0011274748362311653,0.597381094217245,-0.0007334802403330366,101.10895958365089
AAPL,48,CeNN_Emu[QELM],42,0.019763472935757274,0.033556332407858644,0.0011260274446667042,0.5964916548451966,-0.0008676994869079285,100.95841868037978
AAPL,48,CeNN_Ada[QELM],42,0.019763472935757274,0.033556332407858644,0.0011260274446667042,0.5964916548451966,-0.0008676994869079285,100.95841868037978
AAPL,48,Persistence,123,0.028468993826460186,0.04736780629886749,0.002243709073567031,0.859237508231609,0.00029515359147653435,145.42912611987165
AAPL,48,MLP,123,0.019675771348945933,0.033474059731874284,0.0011205126749330877,0.5938446876436478,-0.0008605029683025455,100.51040969182728
AAPL,48,DLinear,123,0.02023496927246248,0.033951646482324904,0.001152714298860765,0.6107221309891893,-0.0007039817846097463,103.366979398533
AAPL,48,NLinear,123,0.020549329119628514,0.0343570913903272,0.0011804097288032956,0.6202099890221613,0.0007573662010046305,104.97283446103407
AAPL,48,N-BEATS,123,0.019823910763910498,0.033589101910059364,0.0011282277671243537,0.5983157603679229,-0.0008796608850258422,101.26715528647428
AAPL,48,TiDE,123,0.020594890444088042,0.0342470722214685,0.0011728619557424794,0.6215850990502492,-0.0007089030724841365,105.20557691907115
AAPL,48,QELM,123,0.019979108156059525,0.03372582157889304,0.0011374310411713274,0.6029998535721665,-0.0007828504975942364,102.05995538520267
AAPL,48,CeNN_NS,123,0.019736859849490515,0.03353879178830939,0.0011248505546195692,0.5956884314482057,-0.0007673063751925789,100.8224701497531
AAPL,48,CeNN_Emu[QELM],123,0.019708500325650403,0.03351918196187293,0.0011235355593931474,0.5948324979105629,-0.000999925139991569,100.67760023287498
AAPL,48,CeNN_Ada[QELM],123,0.019708500325650403,0.03351918196187293,0.0011235355593931474,0.5948324979105629,-0.000999925139991569,100.67760023287498
AAPL,48,Persistence,2024,0.028468993826460186,0.04736780629886749,0.002243709073567031,0.859237508231609,0.00029515359147653435,145.42912611987165
AAPL,48,MLP,2024,0.019669513542931363,0.03347971172508445,0.0011208910971947574,0.593655817545894,-0.0008534102857052949,100.47844272925481
AAPL,48,DLinear,2024,0.02021357843499628,0.033933013553448396,0.0011514494088185124,0.6100765229991253,-0.0006995497710199861,103.25770785846227
AAPL,48,NLinear,2024,0.020571122204066962,0.03435711073575763,0.0011804110581091123,0.6208677374372868,0.0007624902412952129,105.08416081294732
AAPL,48,N-BEATS,2024,0.019784587857699,0.0335664431364523,0.0011267061048326858,0.5971289352853242,-0.0009029545974122879,101.0662807518247
AAPL,48,TiDE,2024,0.0205831221915184,0.03423406188557337,0.0011719709931852671,0.6212299152992596,-0.0007424271947520573,105.1454607555849
AAPL,48,QELM,2024,0.019945496956907068,0.033693602775708716,0.001135258868007246,0.601985416490741,-0.0008255416078201693,101.88825815732103
AAPL,48,CeNN_NS,2024,0.01976855754707531,0.03356278949666129,0.0011264608387971976,0.596645116143684,-0.0007202207934596487,100.98439257271853
AAPL,48,CeNN_Emu[QELM],2024,0.019727254797267585,0.03352559490306147,0.0011239655136041815,0.595398536371872,-0.0007180873617609199,100.77340433591957
AAPL,48,CeNN_Ada[QELM],2024,0.019727254797267585,0.03352559490306147,0.0011239655136041815,0.595398536371872,-0.0007180873617609199,100.77340433591957
ETTh1,96,Persistence,42,2.451265034431789,3.2099857727911196,10.3040086615214,3.543166429804861,-0.10330181795733516,27.45835877109531
ETTh1,96,MLP,42,2.109708697895437,2.7523868805591003,7.575633540273855,3.0494658594855606,0.0996062137335748,23.632343918592795
ETTh1,96,DLinear,42,2.22859968634429,2.892400388554225,8.365980007708632,3.2213161299219193,-0.027669738207807465,24.96412623083692
ETTh1,96,NLinear,42,2.2547779744316334,2.920341968352786,8.528397212122625,3.2591553803652467,-0.2868557235030955,25.257367808642073
ETTh1,96,N-BEATS,42,2.052155836535581,2.6863072736143185,7.216246768273193,2.9662764191577735,0.1833414786216905,22.987653485969567
ETTh1,96,TiDE,42,2.0447050049199578,2.6997819424132463,7.288822536580642,2.955506659020137,0.0741834937347595,22.90419143483635
ETTh1,96,QELM,42,4.279347853820868,5.8570792280960005,34.30537708419364,6.1855578422307484,2.6284999607480413,47.93601141696532
ETTh1,96,CeNN_NS,42,2.2048954844459585,2.753296588831709,7.580642106072324,3.187053032610227,-0.4348573871855073,24.69859864774645
ETTh1,96,CeNN_Emu[QELM],42,3.325416113872859,4.156516831072921,17.276632166992474,4.806702895975373,2.9240393021274302,37.25034520352001
ETTh1,96,CeNN_Ada[QELM],42,2.6801943780436384,3.490694318676112,12.184946826437688,3.874070984673115,2.0113079825033413,30.022758769393597
ETTh1,96,Persistence,123,2.451265034431789,3.2099857727911196,10.3040086615214,3.543166429804861,-0.10330181795733516,27.45835877109531
ETTh1,96,MLP,123,2.1064900691080557,2.7553631519689317,7.592026099228167,3.0448135116940063,0.2178476449215742,23.59628977399664
ETTh1,96,DLinear,123,2.230399424140095,2.8936222088094232,8.373049487315125,3.223917550188996,-0.04632924300004122,24.98428637076344
ETTh1,96,NLinear,123,2.254750029419042,2.92038044857623,8.528621964426303,3.259114987413402,-0.2868660447290014,25.257054776729642
ETTh1,96,N-BEATS,123,2.2752189682289297,2.9299004497804693,8.584316645623796,3.288701692982241,0.4330937111388361,25.48634188261608
ETTh1,96,TiDE,123,2.462348123901861,3.1590336939084542,9.979493879248892,3.559186415403026,0.6121310577440937,27.58250831946593
ETTh1,96,QELM,123,4.409617905781226,6.155581717774675,37.891186284201815,6.373855912178892,2.7185193110575314,49.395258692805456
ETTh1,96,CeNN_NS,123,2.1288246429445836,2.703829029287822,7.310691419619526,3.07709688828936,-0.22734565830820752,23.846475181444866
ETTh1,96,CeNN_Emu[QELM],123,2.8923877840147654,3.736890871950331,13.964353388865703,4.1807846782566935,2.2938228852249467,32.39968765638622
ETTh1,96,CeNN_Ada[QELM],123,2.506958417886221,3.306777088767769,10.934774714799442,3.6236680988802883,1.6689999645797098,28.082219872439858
ETTh1,96,Persistence,2024,2.451265034431789,3.2099857727911196,10.3040086615214,3.543166429804861,-0.10330181795733516,27.45835877109531
ETTh1,96,MLP,2024,2.1061114671764014,2.7769746705502216,7.711588320877512,3.044266263789086,0.5187078480673986,23.592048785150162
ETTh1,96,DLinear,2024,2.2272021048424886,2.892600553047852,8.367137959492739,3.2192960040723917,-0.02602619111028492,24.948470928880887
ETTh1,96,NLinear,2024,2.2549722802662866,2.9206113840270094,8.529970856508163,3.2594362385755127,-0.28694937970203654,25.259544366151882
ETTh1,96,N-BEATS,2024,2.2687094035735544,2.92892674053355,8.578611851412488,3.279292481560549,0.4667911836460455,25.413423630513503
ETTh1,96,TiDE,2024,2.0894487410133182,2.739845470685706,7.506753203236977,3.020181225598284,-0.02422438744592916,23.40539776754753
ETTh1,96,QELM,2024,4.543618144247207,6.049238266899264,36.59328360971842,6.567545757972562,2.1722753299432287,50.896290434183065
ETTh1,96,CeNN_NS,2024,2.0895009068072428,2.67851460980105,7.17444051491767,3.0202566283341046,0.04570933181893721,23.4059821136158
ETTh1,96,CeNN_Emu[QELM],2024,11.466457444237786,11.832634518188714,140.01123964103104,16.574122550818732,11.46645470420337,128.44392504067235
ETTh1,96,CeNN_Ada[QELM],2024,2.4763583385460777,3.275044871822309,10.725918912449604,3.57943739663291,1.4893515965307165,27.73944667364522
ETTm2,96,Persistence,42,4.670388902021779,5.972121373237591,35.666233696681246,20.751228625288217,-0.21687868987851672,12.879003345377814
ETTm2,96,MLP,42,3.2820832945307097,4.399435537038479,19.355033044557047,14.5827814858336,-1.7389233082731566,9.050629961837071
ETTm2,96,DLinear,42,2.879343280745877,3.999861609012389,15.998892891251177,12.793348040798017,-1.317649739894602,7.940039367848851
ETTm2,96,NLinear,42,2.5660277779433462,3.7359747694391197,13.957507477885684,11.401240923618136,-0.2694776911404398,7.076044635631641
ETTm2,96,N-BEATS,42,3.5096800205508867,4.707149582978577,22.157257196535387,15.594027400272815,-1.7945537220305867,9.678247716440332
ETTm2,96,TiDE,42,3.4702070865962242,4.56454224089918,20.835045868952907,15.418643316808264,-2.26085440277391,9.569397670091107
ETTm2,96,QELM,42,11.526273650752174,13.690662318977672,187.43423473227512,51.212938524424075,-11.09785228477584,31.78470145034727
ETTm2,96,CeNN_NS,42,4.048458528863059,5.241452796506017,27.47282741800075,17.987899996094068,-2.35527182522085,11.163976283490996
ETTm2,96,CeNN_Emu[QELM],42,10.294409222566419,11.68855657542301,136.6223548168645,45.73958268170686,-10.19130336881015,28.387728216536196
ETTm2,96,CeNN_Ada[QELM],42,9.928840898527039,11.266976760014382,126.94476531070417,44.11530855176862,-9.802450570225716,27.37964178796722
ETTm2,96,Persistence,123,4.670388902021779,5.972121373237591,35.666233696681246,20.751228625288217,-0.21687868987851672,12.879003345377814
ETTm2,96,MLP,123,3.273125057293309,4.402588907589288,19.382789089228236,14.542978712896982,-1.7817969064513843,9.025926844009083
ETTm2,96,DLinear,123,2.881882204386923,4.003325375860447,16.02661406500819,12.804628854032796,-1.3268498936361737,7.947040670471107
ETTm2,96,NLinear,123,2.5657957389023567,3.7359108440066,13.957029834366104,11.400209939841286,-0.2696262877848413,7.075404767807386
ETTm2,96,N-BEATS,123,3.515697473479642,4.707967644510172,22.16495934175466,15.620763833594772,-1.8978075552450286,9.694841365925612
ETTm2,96,TiDE,123,3.4234648612274063,4.511876567197064,20.357030157621963,15.210960696488744,-1.9878893701699045,9.440501920823886
ETTm2,96,QELM,123,12.199860559480058,13.965986646537708,195.04878301126956,54.20578478096656,-11.922963179962503,33.642175899028345
ETTm2,96,CeNN_NS,123,4.103466524554624,5.260358247070926,27.671368887527102,18.23230865643505,-2.380064835925897,11.315665612880139
ETTm2,96,CeNN_Emu[QELM],123,12.149150205036005,13.403871493258668,179.66377100779235,53.980471176293854,-12.085917439017031,33.50233768892821
ETTm2,96,CeNN_Ada[QELM],123,11.126495675497585,12.351733975627104,152.56533220466093,49.436665854653135,-11.029313661376635,30.682278935065217
ETTm2,96,Persistence,2024,4.670388902021779,5.972121373237591,35.666233696681246,20.751228625288217,-0.21687868987851672,12.879003345377814
ETTm2,96,MLP,2024,3.230400833759043,4.3633532844084595,19.03885188455809,14.353148668976297,-1.491507415910562,8.908111084043508
ETTm2,96,DLinear,2024,2.8980171101358203,4.016427414018408,16.131689172078595,12.876318626569276,-1.3822821565469106,7.991534075512269
ETTm2,96,NLinear,2024,2.5655972522099812,3.736013735028652,13.957798628322738,11.399328034111598,-0.26964077565405103,7.074857423500788
ETTm2,96,N-BEATS,2024,3.5095331878529654,4.688258403462016,21.979766857632214,15.593375000879927,-1.5891798261404038,9.677842812513184
ETTm2,96,TiDE,2024,3.385469801704089,4.457709208347414,19.871171386185328,15.042143027694935,-2.006628843188286,9.335727241675261
ETTm2,96,QELM,2024,13.799849132438501,15.351654006212922,235.67328072647325,61.31477064313673,-13.66448739158445,38.05428345923125
ETTm2,96,CeNN_NS,2024,4.632924583839046,5.817488405426544,33.84317134727227,20.584769118765344,-3.8807097641163404,12.775692231607644
ETTm2,96,CeNN_Emu[QELM],2024,25.089077234215207,25.799603976934417,665.6195653666502,111.47448073528453,-25.089077234215207,69.18531120438871
ETTm2,96,CeNN_Ada[QELM],2024,11.376911895679102,12.387484119822686,153.4497628188592,50.549302156571734,-11.364255286501514,31.372823428278302
Energy,96,Persistence,42,6045.521805691189,7879.044392601694,62079340.5405882,5.564860781728797,-75.34482183159722,19.43607615302529
Energy,96,MLP,42,2849.5673191663955,3909.3167563221814,15282757.501261383,2.623006901471617,466.45266275363497,9.161228624856154
Energy,96,DLinear,42,2908.422045077854,4013.6526568494646,16109407.649834765,2.677182267398798,-79.31987305365668,9.35044387732678
Energy,96,NLinear,42,2945.3766844787597,4118.650243476328,16963279.828087617,2.7111987559856785,-129.8559832933214,9.469251353122738
Energy,96,N-BEATS,42,2921.981443617079,3947.8927365011905,15585857.05891886,2.6896635994624307,661.0657548556858,9.394036723580268
Energy,96,TiDE,42,2842.3225185953775,3869.1420809476967,14970260.442560274,2.61633811292616,513.1472510308159,9.137936922313749
Energy,96,QELM,42,4867.456136244032,6334.71675061077,40128636.310468666,4.480459525242379,-372.1533123101128,15.648648896856155
Energy,96,CeNN_NS,42,2824.354210062663,3887.5607197130666,15113128.349455975,2.5997984098729714,-166.16139442952473,9.080169632043761
Energy,96,CeNN_Emu[QELM],42,5106.839673190647,6117.826214281406,37427797.58814875,4.70081040633451,1633.1165917833116,16.41825602150418
Energy,96,CeNN_Ada[QELM],42,5107.481396043566,6113.517619086054,37375097.67887561,4.701401107758096,1675.6960229695637,16.42031913113133
Energy,96,Persistence,123,6045.521805691189,7879.044392601694,62079340.5405882,5.564860781728797,-75.34482183159722,19.43607615302529
Energy,96,MLP,123,2851.7542038370766,3928.136331512032,15430255.038944803,2.625019913603437,436.5254968193902,9.168259359069573
Energy,96,DLinear,123,2908.2147983534073,4012.837090964651,16102861.518621642,2.6769914982301337,-79.2125087483724,9.349777588584752
Energy,96,NLinear,123,2944.985909851074,4118.4335118073095,16961494.591177486,2.710839050658331,-129.8234986504449,9.467995030564245
Energy,96,N-BEATS,123,2940.206722669813,3958.4944403659847,15669678.23440841,2.70643984209233,707.9685050048828,9.452630162321258
Energy,96,TiDE,123,2833.2147697143555,3868.9320190271105,14968634.967853192,2.6079544934162406,411.7113435804579,9.108655926144396
Energy,96,QELM,123,4862.39873969184,6261.23515803823,39203065.704254024,4.4758042268850975,-180.30880159505207,15.632389598207705
Energy,96,CeNN_NS,123,2841.3658948228626,3905.1064173848804,15249856.131100575,2.615457547395898,2.005642042371962,9.134861420630024
Energy,96,CeNN_Emu[QELM],123,3836.79887882487,5067.7415233793035,25682004.14778278,3.5317466869532583,-419.4975038655599,12.335132944600522
Energy,96,CeNN_Ada[QELM],123,3816.3482616305882,5041.737748117914,25419119.520797092,3.5129220360390114,-445.4463348320855,12.269385145495697
Energy,96,Persistence,2024,6045.521805691189,7879.044392601694,62079340.5405882,5.564860781728797,-75.34482183159722,19.43607615302529
Energy,96,MLP,2024,2829.6584762708876,3883.2930159920115,15079964.648052335,2.6046809500319057,415.8073224622938,9.097222605347394
Energy,96,DLinear,2024,2908.6785906100804,4013.316390702545,16106708.451881703,2.677418415777201,-79.41263874647352,9.35126865948146
Energy,96,NLinear,2024,2945.6176038953995,4118.804207213596,16964548.09736042,2.7114205206333475,-129.8701202935113,9.470025898030366
Energy,96,N-BEATS,2024,2936.049349738227,3963.431724647969,15708791.035945974,2.7026130092190743,705.941911465115,9.439264398456379
Energy,96,TiDE,2024,2838.3248394911025,3868.321969950921,14963914.863204973,2.612658277110437,463.0098987494575,9.125084566801126
Energy,96,QELM,2024,4800.80840496148,6240.958166231065,38949558.83264621,4.419110752063474,-295.9785669487847,15.434379488479427
Energy,96,CeNN_NS,2024,2844.8589671427408,3905.393804880013,15252100.771195183,2.6186728961756067,214.8869257473416,9.14609148840569
Energy,96,CeNN_Emu[QELM],2024,5173.988943745931,6186.294422449092,38270238.68122475,4.762620842926273,1699.8260250311957,16.634137855708133
Energy,96,CeNN_Ada[QELM],2024,5131.296927775065,6139.724604576465,37696218.22004163,4.723323139104321,1665.0863219129774,16.496884976601027
ExchangeRate,96,Persistence,42,0.011617218150506774,0.015274600003205989,0.0002333134052579404,8.115403183919042,0.003161464724880511,1.5423957607850567
ExchangeRate,96,MLP,42,0.013010303875530083,0.016851227968524823,0.0002839638840471932,9.088566654025108,-0.0034855741686968555,1.727353079210931
ExchangeRate,96,DLinear,42,0.011617530726020644,0.014912780485825776,0.00022239102181842609,8.115621538802941,0.0011378764083572461,1.5424372608362111
ExchangeRate,96,NLinear,42,0.011959588385732474,0.01592175820490269,0.00025350238433538607,8.354571671678615,0.004907728356813736,1.5878515999188054
ExchangeRate,96,N-BEATS,42,0.015188035494403982,0.019676555787815273,0.0003871668476710067,10.609857713947182,-0.00901502869447613,2.016486327253807
ExchangeRate,96,TiDE,42,0.014967250401404366,0.01836752810533124,0.00033736608870013304,10.455624572804629,-0.0011208164975818988,1.9871731141355458
ExchangeRate,96,QELM,42,0.09340838909330147,0.11310943958114872,0.012793745322361532,65.25200167816936,-0.09076533861074543,12.401652572305743
ExchangeRate,96,CeNN_NS,42,0.043022223196886665,0.051285168542790464,0.002630168512462425,30.053897808233824,-0.04214838121052562,5.711978015626042
ExchangeRate,96,CeNN_Emu[QELM],42,0.06110000968271611,0.07047578893142192,0.004966836825506332,42.68243969361704,-0.06099981527785338,8.11213103667475
ExchangeRate,96,CeNN_Ada[QELM],42,0.04832093883932666,0.057764405429908044,0.00333672653467079,33.7554047643947,-0.047869544423939994,6.415478323412584
ExchangeRate,96,Persistence,123,0.011617218150506774,0.015274600003205989,0.0002333134052579404,8.115403183919042,0.003161464724880511,1.5423957607850567
ExchangeRate,96,MLP,123,0.017196026079319603,0.021525174792500126,0.0004633331498476828,12.012573318921238,0.006419174567754589,2.283083383945478
ExchangeRate,96,DLinear,123,0.011621483886995475,0.014914991950588511,0.0002224569848861201,8.118383085908803,0.0011820729570078997,1.5429621144328542
ExchangeRate,96,NLinear,123,0.011956949186540501,0.015922047685450958,0.00025351160249777416,8.352728014681901,0.004904231386908426,1.5875011985066232
ExchangeRate,96,N-BEATS,123,0.01464480207728771,0.01824804517212733,0.0003329911526039996,10.230372871211031,-0.004078365353780739,1.9443622689102558
ExchangeRate,96,TiDE,123,0.015200652947438402,0.018760657785293414,0.00035196228053689036,10.618671848036936,-0.0007242436014074382,2.018161522280712
ExchangeRate,96,QELM,123,0.04168627042958951,0.04988066135402922,0.0024880803771153443,29.120645526936528,-0.03490030595349714,5.534606130361211
ExchangeRate,96,CeNN_NS,123,0.040619885080153566,0.04950281482882296,0.0024505286759767342,28.37570410051427,-0.03928854199328599,5.393024193874846
ExchangeRate,96,CeNN_Emu[QELM],123,0.04935475567424981,0.05922025638524775,0.0035070387663344764,34.47759490708032,-0.048364587202842625,6.552736200724987
ExchangeRate,96,CeNN_Ada[QELM],123,0.052354411210320764,0.06153616015227791,0.003786699006286796,36.57305474718228,-0.05199523345955133,6.950994710009281
ExchangeRate,96,Persistence,2024,0.011617218150506774,0.015274600003205989,0.0002333134052579404,8.115403183919042,0.003161464724880511,1.5423957607850567
ExchangeRate,96,MLP,2024,0.01334525201113157,0.017490563091193706,0.00030591979724702755,9.322550309224823,-0.005458302386508443,1.7718235004203369
ExchangeRate,96,DLinear,2024,0.011591489472853569,0.014856529518600276,0.00022071646933704132,8.097429983292201,0.0007209891345998436,1.5389798136255228
ExchangeRate,96,NLinear,2024,0.011960849505520753,0.015926947112925038,0.00025366764433791116,8.35545264812345,0.004909335832660192,1.5880190363730482
ExchangeRate,96,N-BEATS,2024,0.014793900994789472,0.01838198882595175,0.00033789751319741505,10.334528428431062,-0.004030435020362978,1.9641578460710691
ExchangeRate,96,TiDE,2024,0.014868446948202444,0.018503146440992532,0.0003423664282168146,10.386603758328308,0.0013845665601128754,1.974055169254488
ExchangeRate,96,QELM,2024,0.0860992650288019,0.10317221291383084,0.010644505517536845,60.1460900962205,-0.08460026117134921,11.431234196229678
ExchangeRate,96,CeNN_NS,2024,0.04145785250404197,0.04968595542086561,0.002468694166084245,28.96108034220495,-0.040424627785859556,5.504279520712715
ExchangeRate,96,CeNN_Emu[QELM],2024,0.15610128746444035,0.15933695340523607,0.025388264720462368,109.04718056340525,-0.15610128746444035,20.72526838344163
ExchangeRate,96,CeNN_Ada[QELM],2024,0.051994647722792685,0.060557620554577744,0.0036672254072322172,36.32173591040759,-0.05155176117815642,6.903229602144423
Jena,96,Persistence,42,4.250286274961273,6.1878657095049245,38.289682038866886,21.26814218825266,0.28783553069337114,50.68955920825413
Jena,96,MLP,42,3.410410177674455,4.5428732048776554,20.637696955595377,17.065459568298188,0.6581670883679116,40.673069398657596
Jena,96,DLinear,42,3.474519734334925,4.889948827451139,23.91159953509077,17.386259410584845,0.5529064903375563,41.43764970170681
Jena,96,NLinear,42,3.5193466613690965,4.968946010652965,24.69042445678401,17.610570291393426,0.4509767658164492,41.97226243718507
Jena,96,N-BEATS,42,3.3534968278238213,4.4474423095067825,19.779743096391023,16.78066905332421,0.15718682612317045,39.99431215023671
Jena,96,TiDE,42,3.3747429064826573,4.505621642328187,20.300626383816148,16.886982979640397,0.6591294379896976,40.24769610897491
Jena,96,QELM,42,5.278074981168378,6.837323884969961,46.74899790798072,26.411126667172756,0.8753626233720505,62.947123312529584
Jena,96,CeNN_NS,42,3.4949846022377153,4.61996190581628,21.344048011193593,17.48866421164129,0.6619687235438549,41.68171682239907
Jena,96,CeNN_Emu[QELM],42,4.466621062095252,5.830568573536572,33.9955298907123,22.350666685516728,0.3635700673527576,53.26960071412486
Jena,96,CeNN_Ada[QELM],42,4.466621062095252,5.830568573536572,33.9955298907123,22.350666685516728,0.3635700673527576,53.26960071412486
Jena,96,Persistence,123,4.250286274961273,6.1878657095049245,38.289682038866886,21.26814218825266,0.28783553069337114,50.68955920825413
Jena,96,MLP,123,3.3995799264625206,4.52532191985593,20.47853847832856,17.011265731034364,0.7047395689587186,40.54390617892774
Jena,96,DLinear,123,3.473802116536458,4.888981644126802,23.902141516608808,17.382668500140873,0.5530002238171356,41.429091282924865
Jena,96,NLinear,123,3.5182300327318825,4.968671862793444,24.687700080115274,17.60498275796829,0.4508866107199315,41.958945354579804
Jena,96,N-BEATS,123,3.3869922730772264,4.512824616967413,20.36558602350708,16.948277973340957,0.14071312887639376,40.39378391414626
Jena,96,TiDE,123,3.3736016550018557,4.511095440688209,20.349982074997946,16.881272235187904,0.5369542833053792,40.23408537059984
Jena,96,QELM,123,5.081451574271105,6.540274737948146,42.7751936478427,25.427236570153827,0.9676697068645282,60.60216271908373
Jena,96,CeNN_NS,123,3.497087608662796,4.604701267975664,21.20327376729669,17.4991875121387,0.6720236734052887,41.70679759621128
Jena,96,CeNN_Emu[QELM],123,4.5116088479753556,5.69336573911074,32.414413439279976,22.575782493002293,0.9163206854876933,53.806131876614295
Jena,96,CeNN_Ada[QELM],123,4.461895714475243,5.680079904904302,32.263307726097665,22.327021368808694,0.7717741561499295,53.21324550121249
Jena,96,Persistence,2024,4.250286274961273,6.1878657095049245,38.289682038866886,21.26814218825266,0.28783553069337114,50.68955920825413
Jena,96,MLP,2024,3.370969620305825,4.4869991644687675,20.133161501943416,16.86810171335991,0.7164689966672385,40.20269532533428
Jena,96,DLinear,2024,3.473081819922275,4.888206266185195,23.894560500772208,17.37906418508605,0.554715942285166,41.42050091618011
Jena,96,NLinear,2024,3.517866749878326,4.968170994623617,24.68272303181942,17.603164915384482,0.4513096718159375,41.95461278813053
Jena,96,N-BEATS,2024,3.392563894998955,4.525164036463741,20.477109556904814,16.976157988846875,0.13857415931758524,40.46023192282539
Jena,96,TiDE,2024,3.400994797037643,4.520748430828982,20.437166374842697,17.018345646744265,0.5745845153282474,40.560780140150584
Jena,96,QELM,2024,4.987238918859615,6.48404313285525,42.04281534872732,24.955802878021483,0.9829094449033728,59.478568291390474
Jena,96,CeNN_NS,2024,3.473262164323332,4.5882511502708905,21.052048617962146,17.37996661614984,0.6810630068083993,41.42265173087913
Jena,96,CeNN_Emu[QELM],2024,9.752794810561708,11.489485480697889,132.0082766111676,48.80231903103257,2.453278041233658,116.31331115465294
Jena,96,CeNN_Ada[QELM],2024,9.810777122446686,11.548630018312215,133.370855299862,49.092458559006964,2.5220128165268623,117.00481700653857
AAPL,96,Persistence,42,0.028621589994940883,0.04781724838910321,0.0022864892435051935,0.863843092551529,0.0007191960250438084,147.0026070363738
AAPL,96,MLP,42,0.019538163051204316,0.03359172123539193,0.0011284037355562813,0.5896914600450804,-0.0009296293833775377,100.34945318329504
AAPL,96,DLinear,42,0.02015736273245888,0.0341103991035633,0.0011635193270043722,0.6083798476453643,-0.001024464220602674,103.52970862810442
AAPL,96,NLinear,42,0.0205326728634968,0.03456950880407092,0.001195050938954737,0.6197072778936148,0.0007479089901053809,105.4573292711047
AAPL,96,N-BEATS,42,0.019666495953031115,0.03368709138348609,0.0011348201258793431,0.59356474209579,-0.0011365610705011094,101.00858047637753
AAPL,96,TiDE,42,0.02048916639150521,0.03439967828093104,0.0011833378658315586,0.6183941864365062,-0.0009906867569516688,105.23387680718324
AAPL,96,QELM,42,0.01982045174226022,0.03382354732155543,0.0011440323534134998,0.5982113618366007,-0.0010066303421873291,101.79930881778073
AAPL,96,CeNN_NS,42,0.01963822856729282,0.033683465055976775,0.0011345758181772086,0.5927115894261155,-0.0009606250734034226,100.86339708864938
AAPL,96,CeNN_Emu[QELM],42,0.019667185661158066,0.033696974397093064,0.0011354860835183457,0.5935855585354585,-0.0010790991140566697,101.01212286842403
AAPL,96,CeNN_Ada[QELM],42,0.019667185661158066,0.033696974397093064,0.0011354860835183457,0.5935855585354585,-0.0010790991140566697,101.01212286842403
AAPL,96,Persistence,123,0.028621589994940883,0.04781724838910321,0.0022864892435051935,0.863843092551529,0.0007191960250438084,147.0026070363738
AAPL,96,MLP,123,0.019543933275466017,0.03359571730976697,0.001128672221557776,0.5898656141843797,-0.001039361237720209,100.3790894826692
AAPL,96,DLinear,123,0.02015213697812283,0.03410285887669903,0.0011630049835640501,0.6082221264360477,-0.0010233120798450344,103.50286876661292
AAPL,96,NLinear,123,0.02051011304752289,0.03455167459893089,0.001193818217590406,0.6190263883552719,0.0007560819499623921,105.34146038460983
AAPL,96,N-BEATS,123,0.019646280033303355,0.03366621872845227,0.0011334142834719904,0.5929545949090164,-0.0010601358519057144,100.90475001468258
AAPL,96,TiDE,123,0.02050899838645865,0.03441256593531186,0.0011842246942521861,0.6189927461900027,-0.0010719298765750486,105.33573540278897
AAPL,96,QELM,123,0.01984720767064026,0.03383001024208227,0.0011444695929793915,0.5990188964256989,-0.0010202471693956851,101.93672924851987
AAPL,96,CeNN_NS,123,0.01962774900248442,0.03368067189485094,0.0011343876592886017,0.5923953002306416,-0.0010141532275582572,100.8095732672714
AAPL,96,CeNN_Emu[QELM],123,0.019611439663089293,0.033676310735096485,0.001134093904726775,0.5919030595765392,-0.0006848811779240956,100.72580729163731
AAPL,96,CeNN_Ada[QELM],123,0.019611439663089293,0.033676310735096485,0.001134093904726775,0.5919030595765392,-0.0006848811779240956,100.72580729163731
AAPL,96,Persistence,2024,0.028621589994940883,0.04781724838910321,0.0022864892435051935,0.863843092551529,0.0007191960250438084,147.0026070363738
AAPL,96,MLP,2024,0.019542226177776685,0.03359842521242973,0.0011288541767552336,0.5898140913812264,-0.0009929587373221195,100.37032170244309
AAPL,96,DLinear,2024,0.02016954410801453,0.03411355887013753,0.0011637348987863388,0.6087475000760428,-0.0010247424985070142,103.59227307558223
AAPL,96,NLinear,2024,0.020510503336537686,0.03454741867917136,0.0011935241373939583,0.6190381678710007,0.0007556855045950143,105.34346493790974
AAPL,96,N-BEATS,2024,0.019651760431166065,0.0336775699188836,0.0011341787156412934,0.5931200016470408,-0.0010753768048860047,100.93289774419576
AAPL,96,TiDE,2024,0.020473168560931274,0.034382639889621376,0.001182165925779383,0.6179113475921392,-0.0010039466780439276,105.15171076393719
AAPL,96,QELM,2024,0.01985703000428451,0.033840187887943955,0.0011451583162913489,0.5993153493856086,-0.0010298125548023214,101.98717748193882
AAPL,96,CeNN_NS,2024,0.01963668073651082,0.033678635843506416,0.001134250512279515,0.5926648735403206,-0.0009678027947849734,100.8554473150608
AAPL,96,CeNN_Emu[QELM],2024,0.019630236236916027,0.033673057262168786,0.0011338747853812982,0.5924703687465305,-0.0009788107906136745,100.82234788761295
AAPL,96,CeNN_Ada[QELM],2024,0.019630236236916027,0.033673057262168786,0.0011338747853812982,0.5924703687465305,-0.0009788107906136745,100.82234788761295
