dataset,horizon,model,teacher,seed,level,emul_Pearson_r,emul_Spearman_r,emul_MAE_to_teacher,emul_RMSE_to_teacher,emul_spectral_distance
ETTh1,24,CeNN_Emu[QELM],QELM,42,prediction,0.23732498288154602,0.22548714730401473,2.435656785964966,3.071359634399414,0.8987575173377991
ETTh1,24,CeNN_Emu[QELM],QELM,42,observable,0.8490579128265381,0.7373560560702856,0.1068754494190216,0.15396606922149658,0.5205047130584717
ETTh1,24,CeNN_Ada[QELM],QELM,42,prediction,0.01828411966562271,-0.04469619647122509,2.9564411640167236,4.02002477645874,0.6224228739738464
ETTh1,24,CeNN_Ada[QELM],QELM,42,observable,0.9008377194404602,0.7994494759123324,0.08691778033971786,0.12715521454811096,0.43605101108551025
ETTh1,24,CeNN_Emu[VQC],VQC,42,prediction,0.8012077808380127,0.8251216868954986,1.5723003149032593,1.999588966369629,0.4099857211112976
ETTh1,24,CeNN_Emu[VQC],VQC,42,observable,0.9375585317611694,0.8785364152025164,0.07845091819763184,0.10722655057907104,0.28640511631965637
ETTh1,24,CeNN_Ada[VQC],VQC,42,prediction,0.3748345971107483,0.3757615830291405,2.302924156188965,3.064260959625244,0.6385000348091125
ETTh1,24,CeNN_Ada[VQC],VQC,42,observable,0.9089441895484924,0.8445554779580133,0.09300637245178223,0.12944971024990082,0.40047821402549744
ETTh1,24,CeNN_Emu[QRC],QRC,42,prediction,0.604017972946167,0.505118748717864,1.2332079410552979,1.5566949844360352,0.653192937374115
ETTh1,24,CeNN_Emu[QRC],QRC,42,observable,0.7845039963722229,0.5728819087389077,0.09194158017635345,0.13022424280643463,0.37691381573677063
ETTh1,24,CeNN_Ada[QRC],QRC,42,prediction,0.5761043429374695,0.4967691797099375,1.367061734199524,1.7710779905319214,0.6988880634307861
ETTh1,24,CeNN_Ada[QRC],QRC,42,observable,0.8124082088470459,0.6184230168155367,0.08614574372768402,0.12259926646947861,0.33758819103240967
ETTh1,24,CeNN_Emu[QKRR],QKRR,42,prediction,0.575802206993103,0.5483695978399328,1.96364164352417,2.448079824447632,0.5785902142524719
ETTh1,24,CeNN_Emu[QKRR],QKRR,42,observable,0.7416388392448425,0.6698417681098068,0.06713792681694031,0.09220908582210541,0.39004990458488464
ETTh1,24,CeNN_Ada[QKRR],QKRR,42,prediction,0.5929470658302307,0.5710072257217379,1.693479299545288,2.2482104301452637,0.5840061902999878
ETTh1,24,CeNN_Ada[QKRR],QKRR,42,observable,0.7939711809158325,0.7346675127720895,0.06001685559749603,0.08240468800067902,0.36376431584358215
ETTh1,24,CeNN_Emu[QELM],QELM,123,prediction,0.22996123135089874,0.35270556854505514,2.715376377105713,3.9717414379119873,0.8990168571472168
ETTh1,24,CeNN_Emu[QELM],QELM,123,observable,0.8574336171150208,0.6097103066032711,0.09513888508081436,0.13887335360050201,0.3811113238334656
ETTh1,24,CeNN_Ada[QELM],QELM,123,prediction,0.11198488622903824,0.17441315640536312,3.2354347705841064,4.851425647735596,0.686140239238739
ETTh1,24,CeNN_Ada[QELM],QELM,123,observable,0.9114649891853333,0.7111255724673075,0.07572411000728607,0.11099624633789062,0.32200270891189575
ETTh1,24,CeNN_Emu[VQC],VQC,123,prediction,0.4045957624912262,0.44490313959668004,3.309239149093628,4.175283432006836,0.7882847189903259
ETTh1,24,CeNN_Emu[VQC],VQC,123,observable,0.8527234196662903,0.7089751073103312,0.11050648987293243,0.15255127847194672,0.38805824518203735
ETTh1,24,CeNN_Ada[VQC],VQC,123,prediction,0.11151322722434998,0.1120984792266167,3.8522610664367676,4.962616443634033,0.7206301093101501
ETTh1,24,CeNN_Ada[VQC],VQC,123,observable,0.9090983271598816,0.8023439019768519,0.08756696432828903,0.12164033949375153,0.3373812139034271
ETTh1,24,CeNN_Emu[QRC],QRC,123,prediction,0.6203343272209167,0.5315708624843242,1.3221687078475952,1.641351342201233,0.5930196642875671
ETTh1,24,CeNN_Emu[QRC],QRC,123,observable,0.8135370016098022,0.6419531016438981,0.0807047188282013,0.11565568298101425,0.37511005997657776
ETTh1,24,CeNN_Ada[QRC],QRC,123,prediction,0.6066651940345764,0.5308730068963262,1.3602232933044434,1.7321618795394897,0.5639024376869202
ETTh1,24,CeNN_Ada[QRC],QRC,123,observable,0.8249233961105347,0.6608158447050688,0.07781626284122467,0.112892746925354,0.3710525631904602
ETTh1,24,CeNN_Emu[QKRR],QKRR,123,prediction,0.6440836191177368,0.6286428214057161,1.6757196187973022,2.1481664180755615,0.7860291004180908
ETTh1,24,CeNN_Emu[QKRR],QKRR,123,observable,0.6811829209327698,0.6310396024826648,0.07399388402700424,0.10016777366399765,0.5209903120994568
ETTh1,24,CeNN_Ada[QKRR],QKRR,123,prediction,0.5720229148864746,0.5553122068444282,1.7508161067962646,2.285632371902466,0.8553712964057922
ETTh1,24,CeNN_Ada[QKRR],QKRR,123,observable,0.6119084358215332,0.5818651741082133,0.08028819411993027,0.10908664762973785,0.5441969633102417
ETTh1,24,CeNN_Emu[QELM],QELM,2024,prediction,0.6815298199653625,0.7191277761259244,2.2946133613586426,3.084808588027954,0.40209317207336426
ETTh1,24,CeNN_Emu[QELM],QELM,2024,observable,0.8014684915542603,0.6269347760930781,0.095522940158844,0.1379837691783905,0.48969414830207825
ETTh1,24,CeNN_Ada[QELM],QELM,2024,prediction,-0.07690130174160004,-0.15316155199154952,3.283721446990967,4.472963333129883,0.5561433434486389
ETTh1,24,CeNN_Ada[QELM],QELM,2024,observable,0.7720056176185608,0.5953552277705063,0.10275349766016006,0.14725054800510406,0.43079251050949097
ETTh1,24,CeNN_Emu[VQC],VQC,2024,prediction,0.7633448243141174,0.7699165018764095,1.8664809465408325,2.5545012950897217,0.41655462980270386
ETTh1,24,CeNN_Emu[VQC],VQC,2024,observable,0.8651265501976013,0.7593514802059104,0.08402440696954727,0.11831729114055634,0.35730084776878357
ETTh1,24,CeNN_Ada[VQC],VQC,2024,prediction,0.25073304772377014,0.26318594384966904,2.547166347503662,3.8087000846862793,0.5385414958000183
ETTh1,24,CeNN_Ada[VQC],VQC,2024,observable,0.820953369140625,0.7001305158768701,0.0970350056886673,0.1364356130361557,0.4563051760196686
ETTh1,24,CeNN_Emu[QRC],QRC,2024,prediction,0.6927553415298462,0.6364113852107166,1.1898555755615234,1.5015395879745483,0.8925933837890625
ETTh1,24,CeNN_Emu[QRC],QRC,2024,observable,0.7867520451545715,0.5879323863229675,0.08911315351724625,0.12468104064464569,0.45411014556884766
ETTh1,24,CeNN_Ada[QRC],QRC,2024,prediction,0.6840541362762451,0.627882070330668,1.2548651695251465,1.5916249752044678,0.8869227766990662
ETTh1,24,CeNN_Ada[QRC],QRC,2024,observable,0.7926856875419617,0.5983982197096882,0.08730215579271317,0.12315928190946579,0.4416370093822479
ETTh1,24,CeNN_Emu[QKRR],QKRR,2024,prediction,0.5791747570037842,0.5510090334283221,1.7898420095443726,2.281970739364624,0.7771632075309753
ETTh1,24,CeNN_Emu[QKRR],QKRR,2024,observable,0.6291177868843079,0.5754920302983302,0.07541155815124512,0.10017652809619904,0.5547739863395691
ETTh1,24,CeNN_Ada[QKRR],QKRR,2024,prediction,0.6088422536849976,0.5832402192347613,1.669303297996521,2.1677041053771973,0.7356018424034119
ETTh1,24,CeNN_Ada[QKRR],QKRR,2024,observable,0.7050625085830688,0.6808409493557671,0.06846873462200165,0.09119991958141327,0.5179899334907532
ETTh1,24,CeNN_Emu[QELM],QELM,7,prediction,0.4233516752719879,0.4290930251946566,2.378952980041504,2.993926525115967,0.6198931932449341
ETTh1,24,CeNN_Emu[QELM],QELM,7,observable,0.894451379776001,0.7434140021630983,0.10444310307502747,0.14221251010894775,0.35238897800445557
ETTh1,24,CeNN_Ada[QELM],QELM,7,prediction,0.2390873283147812,0.22601459982590777,3.0356242656707764,4.006674289703369,0.6086164116859436
ETTh1,24,CeNN_Ada[QELM],QELM,7,observable,0.9210259318351746,0.7929685365259541,0.08979818224906921,0.12247045338153839,0.2989221215248108
ETTh1,24,CeNN_Emu[VQC],VQC,7,prediction,0.5740591287612915,0.5593226953284163,2.1822056770324707,2.7994587421417236,0.5915770530700684
ETTh1,24,CeNN_Emu[VQC],VQC,7,observable,0.8898345828056335,0.715153810454256,0.10471709072589874,0.14236263930797577,0.35731497406959534
ETTh1,24,CeNN_Ada[VQC],VQC,7,prediction,0.5330915451049805,0.5286453588468762,2.2571861743927,2.9749042987823486,0.6826659440994263
ETTh1,24,CeNN_Ada[VQC],VQC,7,observable,0.9311128854751587,0.8092905697153433,0.0817684605717659,0.11235080659389496,0.3310791254043579
ETTh1,24,CeNN_Emu[QRC],QRC,7,prediction,0.6012774705886841,0.52856595540757,1.1592873334884644,1.484878659248352,0.6934638619422913
ETTh1,24,CeNN_Emu[QRC],QRC,7,observable,0.7475697994232178,0.5370149880512485,0.0887203961610794,0.12553729116916656,0.4568548798561096
ETTh1,24,CeNN_Ada[QRC],QRC,7,prediction,0.564335286617279,0.507752061741595,1.357438087463379,1.7724580764770508,0.6826285123825073
ETTh1,24,CeNN_Ada[QRC],QRC,7,observable,0.7736390829086304,0.5770874479432042,0.08283629268407822,0.11962369084358215,0.4147624373435974
ETTh1,24,CeNN_Emu[QKRR],QKRR,7,prediction,0.56700599193573,0.5291545450716505,1.9315816164016724,2.4745821952819824,0.8035709857940674
ETTh1,24,CeNN_Emu[QKRR],QKRR,7,observable,0.47987452149391174,0.44785840358138107,0.096586212515831,0.12842988967895508,0.6405674815177917
ETTh1,24,CeNN_Ada[QKRR],QKRR,7,prediction,0.5568668842315674,0.5297671217278695,1.9532579183578491,2.558990240097046,0.7673962116241455
ETTh1,24,CeNN_Ada[QKRR],QKRR,7,observable,0.647663950920105,0.6187602607721343,0.08394304662942886,0.11201367527246475,0.5402987003326416
ETTh1,24,CeNN_Emu[QELM],QELM,99,prediction,0.8097835183143616,0.8214543319814226,1.7107514142990112,2.230999708175659,0.45666050910949707
ETTh1,24,CeNN_Emu[QELM],QELM,99,observable,0.9283012747764587,0.8131144859724893,0.07267601788043976,0.10208163410425186,0.22949287295341492
ETTh1,24,CeNN_Ada[QELM],QELM,99,prediction,0.5198177099227905,0.509519439589077,2.6359763145446777,3.412149667739868,0.5965442657470703
ETTh1,24,CeNN_Ada[QELM],QELM,99,observable,0.9155087471008301,0.786188742956916,0.07905777543783188,0.1107691153883934,0.2795473039150238
ETTh1,24,CeNN_Emu[VQC],VQC,99,prediction,0.8307559490203857,0.8431535703276243,1.3307093381881714,1.8172863721847534,0.3793603181838989
ETTh1,24,CeNN_Emu[VQC],VQC,99,observable,0.938513457775116,0.8340246204510893,0.0685083344578743,0.09307274222373962,0.2160857915878296
ETTh1,24,CeNN_Ada[VQC],VQC,99,prediction,0.6193869113922119,0.6258302128835218,1.9246845245361328,2.572329044342041,0.699059784412384
ETTh1,24,CeNN_Ada[VQC],VQC,99,observable,0.9281116724014282,0.8149207750097449,0.0736338347196579,0.10053212195634842,0.24959403276443481
ETTh1,24,CeNN_Emu[QRC],QRC,99,prediction,0.6746169924736023,0.6285039660592274,1.0270957946777344,1.3125211000442505,0.8734495043754578
ETTh1,24,CeNN_Emu[QRC],QRC,99,observable,0.7791352868080139,0.5526922005716541,0.0890771746635437,0.12684382498264313,0.4652186632156372
ETTh1,24,CeNN_Ada[QRC],QRC,99,prediction,0.6478191614151001,0.6117951580079486,1.2184066772460938,1.5689677000045776,0.9134979248046875
ETTh1,24,CeNN_Ada[QRC],QRC,99,observable,0.7577150464057922,0.5310889366071351,0.09353644400835037,0.1322845071554184,0.440036416053772
ETTh1,24,CeNN_Emu[QKRR],QKRR,99,prediction,0.6234878301620483,0.6242030884190599,1.8569976091384888,2.3435895442962646,0.5204325914382935
ETTh1,24,CeNN_Emu[QKRR],QKRR,99,observable,0.7535035014152527,0.7148247025848553,0.0796060562133789,0.10441190004348755,0.49833542108535767
ETTh1,24,CeNN_Ada[QKRR],QKRR,99,prediction,0.4515473246574402,0.4313254129561342,2.0100269317626953,2.6217122077941895,0.5964496731758118
ETTh1,24,CeNN_Ada[QKRR],QKRR,99,observable,0.7493879199028015,0.7091960781640299,0.0808308869600296,0.10538207739591599,0.4874038100242615
ETTm2,24,CeNN_Emu[QELM],QELM,42,prediction,0.8280019760131836,0.6544451404730519,3.2203402519226074,4.164815902709961,0.3408644497394562
ETTm2,24,CeNN_Emu[QELM],QELM,42,observable,0.8989040851593018,0.7045204684395667,0.11677887290716171,0.17667771875858307,0.19092056155204773
ETTm2,24,CeNN_Ada[QELM],QELM,42,prediction,0.6762653589248657,0.43852919247775496,5.040017127990723,6.2044677734375,0.41018417477607727
ETTm2,24,CeNN_Ada[QELM],QELM,42,observable,0.894889771938324,0.695379157446586,0.12113166600465775,0.17993327975273132,0.22528523206710815
ETTm2,24,CeNN_Emu[VQC],VQC,42,prediction,0.807598888874054,0.741071908216173,2.072626829147339,2.5452980995178223,0.36182868480682373
ETTm2,24,CeNN_Emu[VQC],VQC,42,observable,0.8920319080352783,0.732064324134101,0.12522324919700623,0.1819753497838974,0.19049550592899323
ETTm2,24,CeNN_Ada[VQC],VQC,42,prediction,0.7871825695037842,0.7241279432449987,2.073275089263916,2.5816190242767334,0.44449448585510254
ETTm2,24,CeNN_Ada[VQC],VQC,42,observable,0.8995721936225891,0.7528124657211781,0.1209367886185646,0.17590150237083435,0.20158037543296814
ETTm2,24,CeNN_Emu[QRC],QRC,42,prediction,0.27957990765571594,0.19680495396458905,2.595233201980591,3.2382218837738037,0.46753475069999695
ETTm2,24,CeNN_Emu[QRC],QRC,42,observable,0.928989589214325,0.7798257188113374,0.06489574909210205,0.09005928039550781,0.26939815282821655
ETTm2,24,CeNN_Ada[QRC],QRC,42,prediction,0.22929686307907104,0.15037307386672213,2.8144493103027344,3.552755355834961,0.3349946141242981
ETTm2,24,CeNN_Ada[QRC],QRC,42,observable,0.9301865100860596,0.7718382710602137,0.06459345668554306,0.08966616541147232,0.27910351753234863
ETTm2,24,CeNN_Emu[QKRR],QKRR,42,prediction,0.7444185018539429,0.7111760812884983,2.509800434112549,3.1717958450317383,0.4112256169319153
ETTm2,24,CeNN_Emu[QKRR],QKRR,42,observable,0.7537180781364441,0.5305035747310585,0.12044008821249008,0.18373781442642212,0.3562702238559723
ETTm2,24,CeNN_Ada[QKRR],QKRR,42,prediction,0.7040035724639893,0.6894006855289809,2.5950284004211426,3.3379783630371094,0.5098605155944824
ETTm2,24,CeNN_Ada[QKRR],QKRR,42,observable,0.7268589735031128,0.4995515973015688,0.1259842962026596,0.1918657124042511,0.37729412317276
ETTm2,24,CeNN_Emu[QELM],QELM,123,prediction,0.6843026876449585,0.6868762851275085,3.1902477741241455,4.075798511505127,0.7433254718780518
ETTm2,24,CeNN_Emu[QELM],QELM,123,observable,0.9364776015281677,0.822323468144149,0.11109814047813416,0.16817298531532288,0.24470221996307373
ETTm2,24,CeNN_Ada[QELM],QELM,123,prediction,0.5586477518081665,0.5660441537152698,4.944774150848389,6.007840633392334,0.7913146615028381
ETTm2,24,CeNN_Ada[QELM],QELM,123,observable,0.9448218941688538,0.8347605582344572,0.10775735229253769,0.1585581749677658,0.2329554408788681
ETTm2,24,CeNN_Emu[VQC],VQC,123,prediction,0.5162432193756104,0.48111843207138355,2.4327521324157715,3.2478904724121094,0.6899515986442566
ETTm2,24,CeNN_Emu[VQC],VQC,123,observable,0.9419556260108948,0.8305521147621177,0.10778848081827164,0.16207294166088104,0.20415619015693665
ETTm2,24,CeNN_Ada[VQC],VQC,123,prediction,0.37971562147140503,0.37039814160551,2.767845392227173,3.7605063915252686,0.8103383779525757
ETTm2,24,CeNN_Ada[VQC],VQC,123,observable,0.9230293035507202,0.7991400567918404,0.12172713875770569,0.1834702342748642,0.25419148802757263
ETTm2,24,CeNN_Emu[QRC],QRC,123,prediction,0.8159263730049133,0.8273141340601516,1.1962013244628906,1.5374196767807007,0.59701007604599
ETTm2,24,CeNN_Emu[QRC],QRC,123,observable,0.9046653509140015,0.7435213721031918,0.05945434421300888,0.08564962446689606,0.28645509481430054
ETTm2,24,CeNN_Ada[QRC],QRC,123,prediction,0.801157534122467,0.815868991514095,1.3916261196136475,1.8205983638763428,0.6466956734657288
ETTm2,24,CeNN_Ada[QRC],QRC,123,observable,0.8992128372192383,0.725789749680559,0.06090342253446579,0.08670565485954285,0.32048457860946655
ETTm2,24,CeNN_Emu[QKRR],QKRR,123,prediction,0.5660014748573303,0.5288148834461983,3.6728806495666504,4.707984447479248,0.7303281426429749
ETTm2,24,CeNN_Emu[QKRR],QKRR,123,observable,0.762999415397644,0.5666524212800335,0.12068558484315872,0.17171716690063477,0.6440597176551819
ETTm2,24,CeNN_Ada[QKRR],QKRR,123,prediction,0.5426037311553955,0.49304614929879037,3.6330342292785645,4.7465596199035645,0.6750297546386719
ETTm2,24,CeNN_Ada[QKRR],QKRR,123,observable,0.7549160122871399,0.5720762404714583,0.12351956963539124,0.17404498159885406,0.6758387088775635
ETTm2,24,CeNN_Emu[QELM],QELM,2024,prediction,0.6177196502685547,0.5584721585161079,4.347412109375,5.58295202255249,0.45935001969337463
ETTm2,24,CeNN_Emu[QELM],QELM,2024,observable,0.8939883708953857,0.6946008092532241,0.1330207735300064,0.1922808736562729,0.2677340805530548
ETTm2,24,CeNN_Ada[QELM],QELM,2024,prediction,0.38662004470825195,0.34521241254379254,7.787730693817139,9.07764720916748,0.5726360082626343
ETTm2,24,CeNN_Ada[QELM],QELM,2024,observable,0.8460647463798523,0.653065618719231,0.15701180696487427,0.2243650257587433,0.28164079785346985
ETTm2,24,CeNN_Emu[VQC],VQC,2024,prediction,0.760836124420166,0.7391415863448272,2.7978780269622803,3.5310490131378174,0.2665559649467468
ETTm2,24,CeNN_Emu[VQC],VQC,2024,observable,0.9011930823326111,0.7532695129821475,0.12784582376480103,0.1830308586359024,0.3002627491950989
ETTm2,24,CeNN_Ada[VQC],VQC,2024,prediction,0.6710737943649292,0.6561303502044485,3.8091466426849365,4.713038921356201,0.3835681676864624
ETTm2,24,CeNN_Ada[VQC],VQC,2024,observable,0.8882145285606384,0.7357739445698233,0.13539642095565796,0.19260472059249878,0.26870259642601013
ETTm2,24,CeNN_Emu[QRC],QRC,2024,prediction,0.8049920797348022,0.8016451571045784,1.2406833171844482,1.5974922180175781,0.36582982540130615
ETTm2,24,CeNN_Emu[QRC],QRC,2024,observable,0.9118345975875854,0.7795141870378949,0.06265494227409363,0.09010155498981476,0.2526226341724396
ETTm2,24,CeNN_Ada[QRC],QRC,2024,prediction,0.7952368855476379,0.8013416758713975,1.2557893991470337,1.6368522644042969,0.353353351354599
ETTm2,24,CeNN_Ada[QRC],QRC,2024,observable,0.8863406777381897,0.7254895340937657,0.07305952161550522,0.10216478258371353,0.2524370849132538
ETTm2,24,CeNN_Emu[QKRR],QKRR,2024,prediction,0.708755373954773,0.7104023961006104,3.497404098510742,4.686415672302246,0.5205656290054321
ETTm2,24,CeNN_Emu[QKRR],QKRR,2024,observable,0.6914260983467102,0.45354979217650726,0.13235174119472504,0.19388967752456665,0.5069648623466492
ETTm2,24,CeNN_Ada[QKRR],QKRR,2024,prediction,0.6825969815254211,0.7048542931031598,3.5451297760009766,4.787235736846924,0.474728524684906
ETTm2,24,CeNN_Ada[QKRR],QKRR,2024,observable,0.6890615224838257,0.45157136104398327,0.1317291408777237,0.19281317293643951,0.48698297142982483
ETTm2,24,CeNN_Emu[QELM],QELM,7,prediction,0.7000259160995483,0.6480835555825746,3.7253944873809814,4.677901744842529,0.46503156423568726
ETTm2,24,CeNN_Emu[QELM],QELM,7,observable,0.8651577830314636,0.6450801002706748,0.11106206476688385,0.15396490693092346,0.2810443937778473
ETTm2,24,CeNN_Ada[QELM],QELM,7,prediction,0.5548471212387085,0.4688866423035505,7.234070301055908,8.271421432495117,0.7749295830726624
ETTm2,24,CeNN_Ada[QELM],QELM,7,observable,0.8529283404350281,0.6138768670518091,0.11582284420728683,0.1598649024963379,0.2917567491531372
ETTm2,24,CeNN_Emu[VQC],VQC,7,prediction,0.7150735259056091,0.688231314770164,3.331940174102783,4.296541690826416,0.8230889439582825
ETTm2,24,CeNN_Emu[VQC],VQC,7,observable,0.8551815748214722,0.5864178031120189,0.1091969758272171,0.15477631986141205,0.2951882779598236
ETTm2,24,CeNN_Ada[VQC],VQC,7,prediction,0.5658393502235413,0.492340317620289,5.335146903991699,6.473541259765625,0.864782989025116
ETTm2,24,CeNN_Ada[VQC],VQC,7,observable,0.8460026979446411,0.56135356017653,0.1120741218328476,0.15927931666374207,0.32128602266311646
ETTm2,24,CeNN_Emu[QRC],QRC,7,prediction,0.7965530753135681,0.8113213333530244,1.1627510786056519,1.462436556816101,0.4764179587364197
ETTm2,24,CeNN_Emu[QRC],QRC,7,observable,0.9142518043518066,0.7579694815042762,0.06285437196493149,0.09079346060752869,0.31353458762168884
ETTm2,24,CeNN_Ada[QRC],QRC,7,prediction,0.7941989898681641,0.8140085415111523,1.1782524585723877,1.4955840110778809,0.4553072154521942
ETTm2,24,CeNN_Ada[QRC],QRC,7,observable,0.9116082191467285,0.7554708430572908,0.06561622023582458,0.09375209361314774,0.3139510154724121
ETTm2,24,CeNN_Emu[QKRR],QKRR,7,prediction,0.6549298763275146,0.6340791875970813,3.322350263595581,4.343335151672363,0.4423583149909973
ETTm2,24,CeNN_Emu[QKRR],QKRR,7,observable,0.6182595491409302,0.5470161907585802,0.09333284199237823,0.12398726493120193,0.5111346244812012
ETTm2,24,CeNN_Ada[QKRR],QKRR,7,prediction,0.651827335357666,0.61900171509693,3.6947426795959473,4.754843235015869,0.5144232511520386
ETTm2,24,CeNN_Ada[QKRR],QKRR,7,observable,0.6237667202949524,0.551844106868695,0.09442070126533508,0.12531012296676636,0.4791165590286255
ETTm2,24,CeNN_Emu[QELM],QELM,99,prediction,0.686198353767395,0.6951090412352092,4.500517845153809,5.864688873291016,0.3672330379486084
ETTm2,24,CeNN_Emu[QELM],QELM,99,observable,0.8679015040397644,0.6024103920357947,0.09844313561916351,0.13878971338272095,0.29317590594291687
ETTm2,24,CeNN_Ada[QELM],QELM,99,prediction,0.5712474584579468,0.6104616879152222,6.075580596923828,7.531491756439209,0.3999311923980713
ETTm2,24,CeNN_Ada[QELM],QELM,99,observable,0.883402943611145,0.6463044453844999,0.09424111247062683,0.13140583038330078,0.26431843638420105
ETTm2,24,CeNN_Emu[VQC],VQC,99,prediction,0.7365561723709106,0.7528241768385283,3.5747368335723877,4.652556419372559,0.47431015968322754
ETTm2,24,CeNN_Emu[VQC],VQC,99,observable,0.8843919038772583,0.7086263941191039,0.10233410447835922,0.14591553807258606,0.26960834860801697
ETTm2,24,CeNN_Ada[VQC],VQC,99,prediction,0.7303686738014221,0.7421708340509484,3.6456782817840576,4.7111921310424805,0.5798720121383667
ETTm2,24,CeNN_Ada[VQC],VQC,99,observable,0.9009320139884949,0.7338442949204412,0.09845003485679626,0.13603347539901733,0.24735042452812195
ETTm2,24,CeNN_Emu[QRC],QRC,99,prediction,0.6523312330245972,0.6332159827827362,1.5926133394241333,1.9948387145996094,0.3686102330684662
ETTm2,24,CeNN_Emu[QRC],QRC,99,observable,0.9033508896827698,0.8083974466459058,0.07594233006238937,0.10293887555599213,0.31312206387519836
ETTm2,24,CeNN_Ada[QRC],QRC,99,prediction,0.6323660612106323,0.6157952325051832,1.7921375036239624,2.278010129928589,0.37435150146484375
ETTm2,24,CeNN_Ada[QRC],QRC,99,observable,0.9028502702713013,0.8087625307751654,0.07551860064268112,0.10328435152769089,0.29947546124458313
ETTm2,24,CeNN_Emu[QKRR],QKRR,99,prediction,0.6748801469802856,0.6518683486047182,4.006554126739502,5.082969665527344,0.5405914783477783
ETTm2,24,CeNN_Emu[QKRR],QKRR,99,observable,0.5079072117805481,0.49180791656334344,0.08704899251461029,0.11678573489189148,0.5722267031669617
ETTm2,24,CeNN_Ada[QKRR],QKRR,99,prediction,0.7120006084442139,0.6983013444765706,4.349025726318359,5.469448566436768,0.5797992944717407
ETTm2,24,CeNN_Ada[QKRR],QKRR,99,observable,0.5722064971923828,0.5397516051660944,0.08925312012434006,0.11912568658590317,0.542803168296814
Energy,24,CeNN_Emu[QELM],QELM,42,prediction,0.6416478157043457,0.6172909494325517,2200.183837890625,2853.806884765625,0.7724521160125732
Energy,24,CeNN_Emu[QELM],QELM,42,observable,0.8334910273551941,0.5580564058895437,0.10856747627258301,0.15758340060710907,0.3139772415161133
Energy,24,CeNN_Ada[QELM],QELM,42,prediction,0.6252981424331665,0.6008029400200043,2371.5673828125,3075.267822265625,0.786757230758667
Energy,24,CeNN_Ada[QELM],QELM,42,observable,0.8442401885986328,0.5736489182541739,0.10550059378147125,0.15282896161079407,0.30969178676605225
Energy,24,CeNN_Emu[VQC],VQC,42,prediction,0.7008280158042908,0.6734450010417267,2338.8701171875,3044.120849609375,0.76663738489151
Energy,24,CeNN_Emu[VQC],VQC,42,observable,0.8294991850852966,0.6053681696167603,0.11920493096113205,0.16808824241161346,0.3375542461872101
Energy,24,CeNN_Ada[VQC],VQC,42,prediction,0.6854586005210876,0.6560494808370885,2414.65478515625,3134.846435546875,0.7640241384506226
Energy,24,CeNN_Ada[VQC],VQC,42,observable,0.8296563625335693,0.6038072503093777,0.11913225799798965,0.16798816621303558,0.33729180693626404
Energy,24,CeNN_Emu[QRC],QRC,42,prediction,0.8521192073822021,0.8194327644125425,2149.74169921875,2730.211181640625,0.7655057907104492
Energy,24,CeNN_Emu[QRC],QRC,42,observable,0.7936056852340698,0.42798980735795317,0.10376700013875961,0.14507216215133667,0.41554969549179077
Energy,24,CeNN_Ada[QRC],QRC,42,prediction,0.8514848947525024,0.8184182120087415,2156.93115234375,2735.56201171875,0.7739843726158142
Energy,24,CeNN_Ada[QRC],QRC,42,observable,0.7935051918029785,0.427654170876156,0.1038108617067337,0.1451025903224945,0.4113873243331909
Energy,24,CeNN_Emu[QKRR],QKRR,42,prediction,0.5840404629707336,0.49881459318690363,2595.72119140625,3293.411865234375,0.8125731348991394
Energy,24,CeNN_Emu[QKRR],QKRR,42,observable,0.30908203125,0.23968314861316037,0.09557336568832397,0.1314655989408493,0.6875687837600708
Energy,24,CeNN_Ada[QKRR],QKRR,42,prediction,0.5761454105377197,0.49360184610441166,2648.135009765625,3360.512939453125,0.8183974027633667
Energy,24,CeNN_Ada[QKRR],QKRR,42,observable,0.30764663219451904,0.24053214071736778,0.09541448950767517,0.1315729171037674,0.689905047416687
Energy,24,CeNN_Emu[QELM],QELM,123,prediction,0.661937952041626,0.6291870784910053,2317.49951171875,3002.960693359375,0.7265831828117371
Energy,24,CeNN_Emu[QELM],QELM,123,observable,0.8534693717956543,0.5086151916190218,0.10062426328659058,0.14981089532375336,0.3251257836818695
Energy,24,CeNN_Ada[QELM],QELM,123,prediction,0.6321254968643188,0.5914907109388827,2444.758544921875,3150.123779296875,0.7700979113578796
Energy,24,CeNN_Ada[QELM],QELM,123,observable,0.8464324474334717,0.4954659677267589,0.10270756483078003,0.15300557017326355,0.3315260112285614
Energy,24,CeNN_Emu[VQC],VQC,123,prediction,0.6813627481460571,0.6606932494445109,2392.293701171875,3114.919189453125,0.7464414238929749
Energy,24,CeNN_Emu[VQC],VQC,123,observable,0.8450878858566284,0.5793979809093536,0.11346156150102615,0.16034014523029327,0.3200450539588928
Energy,24,CeNN_Ada[VQC],VQC,123,prediction,0.660495936870575,0.637615119983407,2550.57958984375,3315.431396484375,0.773334801197052
Energy,24,CeNN_Ada[VQC],VQC,123,observable,0.8471900224685669,0.5832104388361979,0.11284440010786057,0.15931448340415955,0.3349100947380066
Energy,24,CeNN_Emu[QRC],QRC,123,prediction,0.8957650661468506,0.8671656877264303,1912.9661865234375,2431.64794921875,0.7246467471122742
Energy,24,CeNN_Emu[QRC],QRC,123,observable,0.8252462148666382,0.4833978114163915,0.09391724318265915,0.13258863985538483,0.3605075776576996
Energy,24,CeNN_Ada[QRC],QRC,123,prediction,0.8957650661468506,0.8671656877264303,1912.9661865234375,2431.64794921875,0.7246467471122742
Energy,24,CeNN_Ada[QRC],QRC,123,observable,0.8252462148666382,0.4833978114163915,0.09391724318265915,0.13258863985538483,0.3605075776576996
Energy,24,CeNN_Emu[QKRR],QKRR,123,prediction,0.567445695400238,0.4987748503829431,2628.1552734375,3322.52392578125,0.7296310663223267
Energy,24,CeNN_Emu[QKRR],QKRR,123,observable,0.28111788630485535,0.2056160312583591,0.09788548201322556,0.13602370023727417,0.697006106376648
Energy,24,CeNN_Ada[QKRR],QKRR,123,prediction,0.5611260533332825,0.48919503004808673,2761.184814453125,3494.44384765625,0.7273271083831787
Energy,24,CeNN_Ada[QKRR],QKRR,123,observable,0.30211612582206726,0.21752917152986376,0.09713201969861984,0.13483139872550964,0.6950284838676453
Energy,24,CeNN_Emu[QELM],QELM,2024,prediction,0.6952131390571594,0.6891405921727554,2202.081787109375,2822.236083984375,0.6817861199378967
Energy,24,CeNN_Emu[QELM],QELM,2024,observable,0.8163566589355469,0.5154627127004187,0.11162445694208145,0.161546990275383,0.3762688934803009
Energy,24,CeNN_Ada[QELM],QELM,2024,prediction,0.6694795489311218,0.6656314491473719,2319.8232421875,2967.47900390625,0.6873145699501038
Energy,24,CeNN_Ada[QELM],QELM,2024,observable,0.8226248621940613,0.5239334076884614,0.10999765992164612,0.15904435515403748,0.3771120607852936
Energy,24,CeNN_Emu[VQC],VQC,2024,prediction,0.747512698173523,0.750240193520335,2247.4541015625,2888.5283203125,0.5993832945823669
Energy,24,CeNN_Emu[VQC],VQC,2024,observable,0.8354052305221558,0.6118543614442298,0.11699516326189041,0.1627775877714157,0.35027599334716797
Energy,24,CeNN_Ada[VQC],VQC,2024,prediction,0.720329761505127,0.7222695770952435,2358.0830078125,3019.7275390625,0.6490177512168884
Energy,24,CeNN_Ada[VQC],VQC,2024,observable,0.8218244910240173,0.5896687012870213,0.1210026741027832,0.16862592101097107,0.36223331093788147
Energy,24,CeNN_Emu[QRC],QRC,2024,prediction,0.882798433303833,0.8540654632740351,1989.693603515625,2521.9814453125,0.6641759276390076
Energy,24,CeNN_Emu[QRC],QRC,2024,observable,0.7779402136802673,0.4538743529381593,0.10653602331876755,0.14656808972358704,0.4164908528327942
Energy,24,CeNN_Ada[QRC],QRC,2024,prediction,0.882798433303833,0.8540654632740351,1989.693603515625,2521.9814453125,0.6641759276390076
Energy,24,CeNN_Ada[QRC],QRC,2024,observable,0.7779402136802673,0.4538743529381593,0.10653602331876755,0.14656808972358704,0.4164908528327942
Energy,24,CeNN_Emu[QKRR],QKRR,2024,prediction,0.569662868976593,0.5120592561558724,2528.909423828125,3204.3046875,0.8418905735015869
Energy,24,CeNN_Emu[QKRR],QKRR,2024,observable,0.3189745843410492,0.24552337701230714,0.10243541747331619,0.13820871710777283,0.7029097080230713
Energy,24,CeNN_Ada[QKRR],QKRR,2024,prediction,0.5617479085922241,0.5067662187283605,2608.82763671875,3308.770263671875,0.8508799076080322
Energy,24,CeNN_Ada[QKRR],QKRR,2024,observable,0.3186227083206177,0.2441429155959429,0.10263026505708694,0.13831160962581635,0.7192796468734741
Energy,24,CeNN_Emu[QELM],QELM,7,prediction,0.761363685131073,0.7566349260626875,2025.631103515625,2622.037109375,0.586605966091156
Energy,24,CeNN_Emu[QELM],QELM,7,observable,0.8434355854988098,0.6159740550902171,0.11764337122440338,0.16318343579769135,0.360219806432724
Energy,24,CeNN_Ada[QELM],QELM,7,prediction,0.7318428754806519,0.7290796873106149,2255.54833984375,2909.546875,0.6405990719795227
Energy,24,CeNN_Ada[QELM],QELM,7,observable,0.8370791673660278,0.6054837811540428,0.1196526363492012,0.16628195345401764,0.344460129737854
Energy,24,CeNN_Emu[VQC],VQC,7,prediction,0.7826141119003296,0.7713179836713231,2086.22607421875,2719.295654296875,0.6028593182563782
Energy,24,CeNN_Emu[VQC],VQC,7,observable,0.8413707613945007,0.587182664739487,0.11014100164175034,0.15595149993896484,0.3677128553390503
Energy,24,CeNN_Ada[VQC],VQC,7,prediction,0.7548583149909973,0.7415296223180446,2260.616943359375,2923.79541015625,0.6635990738868713
Energy,24,CeNN_Ada[VQC],VQC,7,observable,0.8347204327583313,0.5776022914396356,0.11191800236701965,0.15882201492786407,0.35832300782203674
Energy,24,CeNN_Emu[QRC],QRC,7,prediction,0.8671219348907471,0.8379054172234909,1981.29931640625,2538.604248046875,0.6630451083183289
Energy,24,CeNN_Emu[QRC],QRC,7,observable,0.791217029094696,0.42702321283034367,0.09789770841598511,0.13752798736095428,0.4008483588695526
Energy,24,CeNN_Ada[QRC],QRC,7,prediction,0.8648579120635986,0.8370790904378734,2020.452880859375,2589.30224609375,0.6492757797241211
Energy,24,CeNN_Ada[QRC],QRC,7,observable,0.7861817479133606,0.4210302056761895,0.09898614883422852,0.13896791636943817,0.403727650642395
Energy,24,CeNN_Emu[QKRR],QKRR,7,prediction,0.6083313226699829,0.5257597518203317,2521.0712890625,3182.14404296875,0.8057149052619934
Energy,24,CeNN_Emu[QKRR],QKRR,7,observable,0.3211897015571594,0.25528197955765225,0.11043885350227356,0.14857782423496246,0.7223289608955383
Energy,24,CeNN_Ada[QKRR],QKRR,7,prediction,0.5992400646209717,0.5197549667103579,2615.721435546875,3299.28564453125,0.8078782558441162
Energy,24,CeNN_Ada[QKRR],QKRR,7,observable,0.3198162913322449,0.2525617907207354,0.11066897213459015,0.14874005317687988,0.7217589616775513
Energy,24,CeNN_Emu[QELM],QELM,99,prediction,0.6953787207603455,0.6762850553381771,2207.283447265625,2850.9189453125,0.7762415409088135
Energy,24,CeNN_Emu[QELM],QELM,99,observable,0.834686815738678,0.556382785157478,0.1089988425374031,0.1566077023744583,0.3823292851448059
Energy,24,CeNN_Ada[QELM],QELM,99,prediction,0.6552996635437012,0.6360648011534881,2374.050537109375,3053.3701171875,0.8390486836433411
Energy,24,CeNN_Ada[QELM],QELM,99,observable,0.8048984408378601,0.5129993831044259,0.11661186814308167,0.16865617036819458,0.4009149968624115
Energy,24,CeNN_Emu[VQC],VQC,99,prediction,0.7639822959899902,0.7335425578267454,2249.069091796875,2893.635498046875,0.7125334143638611
Energy,24,CeNN_Emu[VQC],VQC,99,observable,0.8480039238929749,0.6364200171489061,0.11718948930501938,0.1604396551847458,0.3555034399032593
Energy,24,CeNN_Ada[VQC],VQC,99,prediction,0.7472543716430664,0.7149476285998762,2324.18896484375,2983.427490234375,0.7537685632705688
Energy,24,CeNN_Ada[VQC],VQC,99,observable,0.8405886292457581,0.6233813150802363,0.11961022764444351,0.16390080749988556,0.367523193359375
Energy,24,CeNN_Emu[QRC],QRC,99,prediction,0.872370183467865,0.8405980204883866,1941.3248291015625,2482.0146484375,0.6989486813545227
Energy,24,CeNN_Emu[QRC],QRC,99,observable,0.7937413454055786,0.44135909368537546,0.10538838058710098,0.14659586548805237,0.3807004988193512
Energy,24,CeNN_Ada[QRC],QRC,99,prediction,0.8685950040817261,0.8377470992407773,1977.5533447265625,2527.013427734375,0.6876476407051086
Energy,24,CeNN_Ada[QRC],QRC,99,observable,0.7949824333190918,0.44239214441037766,0.10506047308444977,0.1461966633796692,0.382851779460907
Energy,24,CeNN_Emu[QKRR],QKRR,99,prediction,0.6169568300247192,0.5401739636047995,2534.89599609375,3225.190673828125,0.8932733535766602
Energy,24,CeNN_Emu[QKRR],QKRR,99,observable,0.35697758197784424,0.27888324325572944,0.11214878410100937,0.15065640211105347,0.6949867010116577
Energy,24,CeNN_Ada[QKRR],QKRR,99,prediction,0.608052134513855,0.5319208134778783,2599.51171875,3311.24560546875,0.9000726342201233
Energy,24,CeNN_Ada[QKRR],QKRR,99,observable,0.35373249650001526,0.28035241635770075,0.11214049160480499,0.1508718580007553,0.6954104900360107
ExchangeRate,24,CeNN_Emu[QELM],QELM,42,prediction,-0.14976529777050018,-0.187099877782876,0.030094873160123825,0.03865751251578331,1.27931809425354
ExchangeRate,24,CeNN_Emu[QELM],QELM,42,observable,0.570582389831543,0.31731113433955926,0.19041134417057037,0.30263856053352356,0.7124140858650208
ExchangeRate,24,CeNN_Ada[QELM],QELM,42,prediction,-0.3757248520851135,-0.5106832179982536,0.04944322630763054,0.06026236712932587,1.0649917125701904
ExchangeRate,24,CeNN_Ada[QELM],QELM,42,observable,0.7001267671585083,0.39789549610118813,0.1756923943758011,0.29180672764778137,0.6399500370025635
ExchangeRate,24,CeNN_Emu[VQC],VQC,42,prediction,0.7063105702400208,0.6952149062643738,0.019902043044567108,0.024473825469613075,0.35864028334617615
ExchangeRate,24,CeNN_Emu[VQC],VQC,42,observable,0.824120819568634,0.575592843184449,0.13757359981536865,0.20727156102657318,0.5541343688964844
ExchangeRate,24,CeNN_Ada[VQC],VQC,42,prediction,0.10657256096601486,0.0665709293314242,0.0384925939142704,0.045875146985054016,0.589044988155365
ExchangeRate,24,CeNN_Ada[VQC],VQC,42,observable,0.6949146389961243,0.44558293496875295,0.18760544061660767,0.2988310158252716,0.6732838153839111
ExchangeRate,24,CeNN_Emu[QRC],QRC,42,prediction,0.07159582525491714,0.10732245380455134,0.020213818177580833,0.02259877510368824,0.6308427453041077
ExchangeRate,24,CeNN_Emu[QRC],QRC,42,observable,0.801498293876648,0.5531726917251464,0.11433765292167664,0.147396981716156,0.401741087436676
ExchangeRate,24,CeNN_Ada[QRC],QRC,42,prediction,0.2858675420284271,0.3474550713487613,0.034353990107774734,0.036822542548179626,0.729367196559906
ExchangeRate,24,CeNN_Ada[QRC],QRC,42,observable,0.8809147477149963,0.6722754199373722,0.09451068937778473,0.13062424957752228,0.3519303798675537
ExchangeRate,24,CeNN_Emu[QKRR],QKRR,42,prediction,0.1828475147485733,0.24037581776928715,0.015095051378011703,0.02080313116312027,0.47481921315193176
ExchangeRate,24,CeNN_Emu[QKRR],QKRR,42,observable,0.31170859932899475,0.17690382560149942,0.15902331471443176,0.2477186620235443,0.6487657427787781
ExchangeRate,24,CeNN_Ada[QKRR],QKRR,42,prediction,0.4032668173313141,0.48760091704236863,0.02031908929347992,0.02621520310640335,0.401946097612381
ExchangeRate,24,CeNN_Ada[QKRR],QKRR,42,observable,0.48630574345588684,0.304968379919384,0.14734284579753876,0.23811888694763184,0.5859886407852173
ExchangeRate,24,CeNN_Emu[QELM],QELM,123,prediction,0.3672240674495697,0.35173011872931415,0.04921870306134224,0.06255204230546951,0.9134491682052612
ExchangeRate,24,CeNN_Emu[QELM],QELM,123,observable,0.6268890500068665,0.3458717908593803,0.21467919647693634,0.3225958049297333,0.6423776745796204
ExchangeRate,24,CeNN_Ada[QELM],QELM,123,prediction,0.4965168833732605,0.46465464095120407,0.04512057825922966,0.056187115609645844,0.72283935546875
ExchangeRate,24,CeNN_Ada[QELM],QELM,123,observable,0.733482837677002,0.5705792752146258,0.1795755922794342,0.27572596073150635,0.6028178334236145
ExchangeRate,24,CeNN_Emu[VQC],VQC,123,prediction,0.9308658838272095,0.9324640913921926,0.029369188472628593,0.03366808593273163,0.6304388642311096
ExchangeRate,24,CeNN_Emu[VQC],VQC,123,observable,0.8435233235359192,0.7243231450313583,0.14657485485076904,0.2184731811285019,0.46339231729507446
ExchangeRate,24,CeNN_Ada[VQC],VQC,123,prediction,0.8812281489372253,0.8841624135964379,0.032412558794021606,0.03685865178704262,0.5661835670471191
ExchangeRate,24,CeNN_Ada[VQC],VQC,123,observable,0.8213014006614685,0.7054707234991088,0.15775448083877563,0.23119103908538818,0.49005258083343506
ExchangeRate,24,CeNN_Emu[QRC],QRC,123,prediction,0.005484661553055048,-0.0038900002415066417,0.017536334693431854,0.020463645458221436,0.6171606183052063
ExchangeRate,24,CeNN_Emu[QRC],QRC,123,observable,0.7962617874145508,0.5623613022625726,0.08710223436355591,0.11774829775094986,0.4680856168270111
ExchangeRate,24,CeNN_Ada[QRC],QRC,123,prediction,-0.08304037898778915,-0.0947115482782802,0.03238781914114952,0.03577086701989174,0.7303752899169922
ExchangeRate,24,CeNN_Ada[QRC],QRC,123,observable,0.827845573425293,0.655902380328901,0.08567692339420319,0.12581294775009155,0.450026273727417
ExchangeRate,24,CeNN_Emu[QKRR],QKRR,123,prediction,0.03154907375574112,0.007172145741828446,0.016878366470336914,0.020669665187597275,1.0680129528045654
ExchangeRate,24,CeNN_Emu[QKRR],QKRR,123,observable,0.01664082705974579,0.062080788720710704,0.12700404226779938,0.18276159465312958,0.7552156448364258
ExchangeRate,24,CeNN_Ada[QKRR],QKRR,123,prediction,-0.085130974650383,-0.18422301536119204,0.02699398621916771,0.03408469632267952,0.5407868027687073
ExchangeRate,24,CeNN_Ada[QKRR],QKRR,123,observable,0.3435605466365814,0.32456940465443657,0.10582120716571808,0.16959068179130554,0.6579411625862122
ExchangeRate,24,CeNN_Emu[QELM],QELM,2024,prediction,0.6746452450752258,0.6938923076648621,0.02242203988134861,0.028209263458848,0.5002433061599731
ExchangeRate,24,CeNN_Emu[QELM],QELM,2024,observable,0.7045224905014038,0.47397779695355524,0.1952902227640152,0.29522979259490967,0.6489841938018799
ExchangeRate,24,CeNN_Ada[QELM],QELM,2024,prediction,0.5193687081336975,0.5254694490538014,0.029353560879826546,0.03625286743044853,0.44128158688545227
ExchangeRate,24,CeNN_Ada[QELM],QELM,2024,observable,0.6709253787994385,0.39971135830448395,0.20029982924461365,0.3118586838245392,0.716090738773346
ExchangeRate,24,CeNN_Emu[VQC],VQC,2024,prediction,0.4772564768791199,0.4791960719396786,0.02211848273873329,0.027110155671834946,0.8102607131004333
ExchangeRate,24,CeNN_Emu[VQC],VQC,2024,observable,0.7719799280166626,0.6857607117381357,0.17074431478977203,0.26384639739990234,0.5989604592323303
ExchangeRate,24,CeNN_Ada[VQC],VQC,2024,prediction,-0.035897959023714066,-0.035960037382974666,0.03822096809744835,0.043659768998622894,0.8334447741508484
ExchangeRate,24,CeNN_Ada[VQC],VQC,2024,observable,0.6551527380943298,0.44229647776950365,0.21373675763607025,0.3256189227104187,0.7194891571998596
ExchangeRate,24,CeNN_Emu[QRC],QRC,2024,prediction,0.13456480205059052,0.15243572360003246,0.09688428044319153,0.09788254648447037,0.8236294388771057
ExchangeRate,24,CeNN_Emu[QRC],QRC,2024,observable,0.5831823348999023,0.40630798373492794,0.1318621188402176,0.18188098073005676,0.5965667963027954
ExchangeRate,24,CeNN_Ada[QRC],QRC,2024,prediction,-0.32792866230010986,-0.4214678276807654,0.03541829064488411,0.040540002286434174,0.5337345600128174
ExchangeRate,24,CeNN_Ada[QRC],QRC,2024,observable,0.837810754776001,0.6179516445990005,0.08771969377994537,0.12402039021253586,0.3862108588218689
ExchangeRate,24,CeNN_Emu[QKRR],QKRR,2024,prediction,0.07802607864141464,0.09498239645873657,0.11405447870492935,0.1154174730181694,0.8500593900680542
ExchangeRate,24,CeNN_Emu[QKRR],QKRR,2024,observable,0.282162606716156,0.3452253328424424,0.17357684671878815,0.24836644530296326,0.6282811164855957
ExchangeRate,24,CeNN_Ada[QKRR],QKRR,2024,prediction,0.2422693967819214,0.21193703279562429,0.02112206071615219,0.027310509234666824,0.7150718569755554
ExchangeRate,24,CeNN_Ada[QKRR],QKRR,2024,observable,0.5289738774299622,0.3097746078355168,0.15375028550624847,0.23137153685092926,0.6783719062805176
ExchangeRate,24,CeNN_Emu[QELM],QELM,7,prediction,-0.1568257361650467,-0.13474701946575762,0.11642371118068695,0.11924603581428528,0.92839115858078
ExchangeRate,24,CeNN_Emu[QELM],QELM,7,observable,0.6383559703826904,0.41004384075723815,0.17442333698272705,0.2618141770362854,0.5398517847061157
ExchangeRate,24,CeNN_Ada[QELM],QELM,7,prediction,0.44776809215545654,0.32365825368169343,0.021575335413217545,0.027411550283432007,0.6279994249343872
ExchangeRate,24,CeNN_Ada[QELM],QELM,7,observable,0.7845290303230286,0.5706221742576395,0.13192057609558105,0.19227460026741028,0.44379138946533203
ExchangeRate,24,CeNN_Emu[VQC],VQC,7,prediction,-0.12815791368484497,-0.0994593433405876,0.13036803901195526,0.13314896821975708,1.1577666997909546
ExchangeRate,24,CeNN_Emu[VQC],VQC,7,observable,0.6580333709716797,0.507019343669335,0.1703624427318573,0.2598831057548523,0.4955277442932129
ExchangeRate,24,CeNN_Ada[VQC],VQC,7,prediction,0.2843133807182312,0.09022399467090696,0.021776413545012474,0.02659829519689083,0.467795729637146
ExchangeRate,24,CeNN_Ada[VQC],VQC,7,observable,0.7400566935539246,0.5497508035710907,0.15057747066020966,0.22326837480068207,0.49671289324760437
ExchangeRate,24,CeNN_Emu[QRC],QRC,7,prediction,0.18965186178684235,0.19838440404546404,0.09723930805921555,0.09847129136323929,0.6450255513191223
ExchangeRate,24,CeNN_Emu[QRC],QRC,7,observable,0.6422295570373535,0.46001375722912424,0.12716279923915863,0.17632003128528595,0.5565694570541382
ExchangeRate,24,CeNN_Ada[QRC],QRC,7,prediction,-0.26818618178367615,-0.34084246242355504,0.0352344736456871,0.0402790829539299,0.8640754222869873
ExchangeRate,24,CeNN_Ada[QRC],QRC,7,observable,0.8399595022201538,0.5730130459648789,0.08902896195650101,0.12301968038082123,0.42533931136131287
ExchangeRate,24,CeNN_Emu[QKRR],QKRR,7,prediction,-0.033208299428224564,-0.023498808251861323,0.10203136503696442,0.10340476036071777,0.8404056429862976
ExchangeRate,24,CeNN_Emu[QKRR],QKRR,7,observable,0.38100752234458923,0.3035480240180664,0.11829660832881927,0.15233531594276428,0.5920032858848572
ExchangeRate,24,CeNN_Ada[QKRR],QKRR,7,prediction,-0.08721596747636795,-0.12730153056318871,0.02765573561191559,0.03393705189228058,0.46003735065460205
ExchangeRate,24,CeNN_Ada[QKRR],QKRR,7,observable,0.5472071170806885,0.491632946269793,0.11484028398990631,0.1549540013074875,0.6276938319206238
ExchangeRate,24,CeNN_Emu[QELM],QELM,99,prediction,-0.3317541182041168,-0.3620729944384291,0.08571121096611023,0.09069032222032547,0.2987079322338104
ExchangeRate,24,CeNN_Emu[QELM],QELM,99,observable,0.7463104128837585,0.420820774017008,0.13014908134937286,0.20376791059970856,0.6361207962036133
ExchangeRate,24,CeNN_Ada[QELM],QELM,99,prediction,-0.07534725219011307,-0.0901016744558604,0.04200652614235878,0.051209814846515656,0.4223346412181854
ExchangeRate,24,CeNN_Ada[QELM],QELM,99,observable,0.8370758891105652,0.5331619165986342,0.11722995340824127,0.16553252935409546,0.47570061683654785
ExchangeRate,24,CeNN_Emu[VQC],VQC,99,prediction,-0.48006555438041687,-0.2875568318344891,0.10302691161632538,0.1049492359161377,0.8014756441116333
ExchangeRate,24,CeNN_Emu[VQC],VQC,99,observable,0.7231511473655701,0.42758948590251517,0.13511011004447937,0.211313858628273,0.6515842080116272
ExchangeRate,24,CeNN_Ada[VQC],VQC,99,prediction,-0.2255798876285553,-0.34838587322137615,0.02819334715604782,0.03428832069039345,0.7450716495513916
ExchangeRate,24,CeNN_Ada[VQC],VQC,99,observable,0.7370752096176147,0.4370865016923304,0.14576897025108337,0.21429705619812012,0.6029213666915894
ExchangeRate,24,CeNN_Emu[QRC],QRC,99,prediction,0.17745162546634674,0.2503311050237885,0.09687309712171555,0.0982033833861351,0.4768579304218292
ExchangeRate,24,CeNN_Emu[QRC],QRC,99,observable,0.6494815349578857,0.5434853918420631,0.13848768174648285,0.18231245875358582,0.5104500651359558
ExchangeRate,24,CeNN_Ada[QRC],QRC,99,prediction,-0.2653643786907196,-0.35944774786219696,0.03893814608454704,0.04426438733935356,0.6894359588623047
ExchangeRate,24,CeNN_Ada[QRC],QRC,99,observable,0.8163033127784729,0.6715744961318956,0.10696621239185333,0.15068522095680237,0.4076368808746338
ExchangeRate,24,CeNN_Emu[QKRR],QKRR,99,prediction,0.055669255554676056,0.04944656123575607,0.08502542227506638,0.09158151596784592,0.6815312504768372
ExchangeRate,24,CeNN_Emu[QKRR],QKRR,99,observable,0.33189642429351807,0.34816858299481274,0.11579679697751999,0.1386842578649521,0.8799284100532532
ExchangeRate,24,CeNN_Ada[QKRR],QKRR,99,prediction,-0.3114672899246216,-0.2953696909848371,0.05311247333884239,0.06587496399879456,0.4916449785232544
ExchangeRate,24,CeNN_Ada[QKRR],QKRR,99,observable,0.4319267272949219,0.46098880140343096,0.0884833037853241,0.12234997749328613,0.8686005473136902
Jena,24,CeNN_Emu[QELM],QELM,42,prediction,0.7687932848930359,0.7780397837067616,2.5710902214050293,3.63664174079895,0.7194671630859375
Jena,24,CeNN_Emu[QELM],QELM,42,observable,0.9007121920585632,0.7346950031670739,0.08726032823324203,0.12981516122817993,0.3034924864768982
Jena,24,CeNN_Ada[QELM],QELM,42,prediction,0.7635396718978882,0.7787577532278105,2.8236632347106934,3.88726806640625,0.7122598886489868
Jena,24,CeNN_Ada[QELM],QELM,42,observable,0.894860565662384,0.7271169059196995,0.09038805961608887,0.133271723985672,0.297463595867157
Jena,24,CeNN_Emu[VQC],VQC,42,prediction,0.9028151631355286,0.888442412017244,2.151134490966797,2.934462785720825,0.40906357765197754
Jena,24,CeNN_Emu[VQC],VQC,42,observable,0.9010372161865234,0.7420813272967084,0.09095253050327301,0.13288471102714539,0.3478294610977173
Jena,24,CeNN_Ada[VQC],VQC,42,prediction,0.8917235136032104,0.8832155812638861,2.2035064697265625,3.0625834465026855,0.3742498457431793
Jena,24,CeNN_Ada[VQC],VQC,42,observable,0.9021100997924805,0.7493840299116128,0.09075979888439178,0.13219012320041656,0.3393303453922272
Jena,24,CeNN_Emu[QRC],QRC,42,prediction,0.8576158285140991,0.8488182240749563,2.737583875656128,3.5910956859588623,0.4755760729312897
Jena,24,CeNN_Emu[QRC],QRC,42,observable,0.8301607370376587,0.5981107210591007,0.09605713188648224,0.1369398683309555,0.34160515666007996
Jena,24,CeNN_Ada[QRC],QRC,42,prediction,0.8403816223144531,0.8319373424121259,2.92993426322937,3.792463541030884,0.50655597448349
Jena,24,CeNN_Ada[QRC],QRC,42,observable,0.832950234413147,0.6009819497613619,0.09560373425483704,0.1359243243932724,0.35629573464393616
Jena,24,CeNN_Emu[QKRR],QKRR,42,prediction,0.9275330305099487,0.9204570672346091,2.0858724117279053,2.768104314804077,0.4388955235481262
Jena,24,CeNN_Emu[QKRR],QKRR,42,observable,0.635983407497406,0.5343580389950453,0.07709651440382004,0.10727525502443314,0.49424269795417786
Jena,24,CeNN_Ada[QKRR],QKRR,42,prediction,0.9228710532188416,0.9178734513129813,2.1961302757263184,2.9125733375549316,0.5323459506034851
Jena,24,CeNN_Ada[QKRR],QKRR,42,observable,0.5814886689186096,0.4882564324022298,0.08111805468797684,0.11310898512601852,0.5063605904579163
Jena,24,CeNN_Emu[QELM],QELM,123,prediction,0.7721167206764221,0.7639492869174109,2.499156951904297,3.6753804683685303,0.33895987272262573
Jena,24,CeNN_Emu[QELM],QELM,123,observable,0.9004867672920227,0.7051677014786197,0.08346910029649734,0.12551070749759674,0.3125566244125366
Jena,24,CeNN_Ada[QELM],QELM,123,prediction,0.7359803915023804,0.7388824966885225,2.976792097091675,4.053537368774414,0.4121905565261841
Jena,24,CeNN_Ada[QELM],QELM,123,observable,0.8825535774230957,0.66248120485889,0.09139382839202881,0.1353919506072998,0.3414343297481537
Jena,24,CeNN_Emu[VQC],VQC,123,prediction,0.8766134977340698,0.8678824779627263,2.2322771549224854,3.121338129043579,0.3733237385749817
Jena,24,CeNN_Emu[VQC],VQC,123,observable,0.899213969707489,0.7343630714871708,0.08845829963684082,0.12971743941307068,0.3236415982246399
Jena,24,CeNN_Ada[VQC],VQC,123,prediction,0.8435920476913452,0.838312893141292,2.547494888305664,3.5460455417633057,0.5283060669898987
Jena,24,CeNN_Ada[VQC],VQC,123,observable,0.8893736600875854,0.7105154866608256,0.09280122071504593,0.1353999823331833,0.34319067001342773
Jena,24,CeNN_Emu[QRC],QRC,123,prediction,0.8782820701599121,0.8810288172838188,2.3721606731414795,3.1418564319610596,0.6223235130310059
Jena,24,CeNN_Emu[QRC],QRC,123,observable,0.8533569574356079,0.6405675312411726,0.08810268342494965,0.12666651606559753,0.3457263708114624
Jena,24,CeNN_Ada[QRC],QRC,123,prediction,0.8701545000076294,0.8720687624083466,2.542231559753418,3.3375422954559326,0.6371038556098938
Jena,24,CeNN_Ada[QRC],QRC,123,observable,0.8594500422477722,0.6467648981630563,0.08702563494443893,0.12457498162984848,0.3419317603111267
Jena,24,CeNN_Emu[QKRR],QKRR,123,prediction,0.8919705152511597,0.8867459308296055,2.159769058227539,2.859443187713623,0.4229447841644287
Jena,24,CeNN_Emu[QKRR],QKRR,123,observable,0.5550305843353271,0.49254557690780865,0.0895800068974495,0.12395226210355759,0.5641223192214966
Jena,24,CeNN_Ada[QKRR],QKRR,123,prediction,0.8941972255706787,0.8884855063049828,2.2087197303771973,2.906343936920166,0.45191648602485657
Jena,24,CeNN_Ada[QKRR],QKRR,123,observable,0.5441306829452515,0.4829226019524251,0.09029686450958252,0.1246483325958252,0.5438793897628784
Jena,24,CeNN_Emu[QELM],QELM,2024,prediction,0.8268733024597168,0.8254110058739523,2.408294677734375,3.478302478790283,0.37939295172691345
Jena,24,CeNN_Emu[QELM],QELM,2024,observable,0.8721826076507568,0.7112073314478712,0.08786684274673462,0.12884804606437683,0.34481281042099
Jena,24,CeNN_Ada[QELM],QELM,2024,prediction,0.7987562417984009,0.792774637934972,2.731419563293457,3.845257043838501,0.4051167666912079
Jena,24,CeNN_Ada[QELM],QELM,2024,observable,0.8667656183242798,0.6983971930021982,0.09025300294160843,0.13124097883701324,0.35263141989707947
Jena,24,CeNN_Emu[VQC],VQC,2024,prediction,0.9048486351966858,0.8910230820899425,2.132016658782959,2.8808822631835938,0.2763739228248596
Jena,24,CeNN_Emu[VQC],VQC,2024,observable,0.8802435994148254,0.7712346145716654,0.0957745686173439,0.13635291159152985,0.3275319039821625
Jena,24,CeNN_Ada[VQC],VQC,2024,prediction,0.8926445245742798,0.8803341877226615,2.2884280681610107,3.042889356613159,0.3084176778793335
Jena,24,CeNN_Ada[VQC],VQC,2024,observable,0.8756604194641113,0.7645916218218707,0.09772815555334091,0.13870903849601746,0.33399128913879395
Jena,24,CeNN_Emu[QRC],QRC,2024,prediction,0.9070889949798584,0.9005351141605785,2.2875916957855225,2.9615402221679688,0.589442789554596
Jena,24,CeNN_Emu[QRC],QRC,2024,observable,0.8300551176071167,0.6110596826638076,0.09486910700798035,0.13458341360092163,0.42996129393577576
Jena,24,CeNN_Ada[QRC],QRC,2024,prediction,0.8888249397277832,0.8823022609452289,2.4722580909729004,3.1972739696502686,0.5831496715545654
Jena,24,CeNN_Ada[QRC],QRC,2024,observable,0.8023491501808167,0.5728481057082705,0.1026412770152092,0.14397889375686646,0.4331127107143402
Jena,24,CeNN_Emu[QKRR],QKRR,2024,prediction,0.9048861265182495,0.902495779127095,2.323040246963501,3.065439224243164,0.5310765504837036
Jena,24,CeNN_Emu[QKRR],QKRR,2024,observable,0.6047269701957703,0.553665928080148,0.08317748457193375,0.11451021581888199,0.5470818281173706
Jena,24,CeNN_Ada[QKRR],QKRR,2024,prediction,0.8925982117652893,0.8905345905597452,2.4290976524353027,3.214858293533325,0.5412657856941223
Jena,24,CeNN_Ada[QKRR],QKRR,2024,observable,0.5645322799682617,0.5087092445681414,0.08678857237100601,0.11857754737138748,0.5548746585845947
Jena,24,CeNN_Emu[QELM],QELM,7,prediction,0.716772198677063,0.710163970922053,2.925135850906372,4.084883213043213,0.4636174142360687
Jena,24,CeNN_Emu[QELM],QELM,7,observable,0.8898078203201294,0.7411165544588183,0.10310910642147064,0.14421439170837402,0.3272819221019745
Jena,24,CeNN_Ada[QELM],QELM,7,prediction,0.6877779960632324,0.679620857537242,3.222524881362915,4.4649658203125,0.4850827157497406
Jena,24,CeNN_Ada[QELM],QELM,7,observable,0.8908233642578125,0.7421436005822406,0.10294006764888763,0.14373190701007843,0.33929046988487244
Jena,24,CeNN_Emu[VQC],VQC,7,prediction,0.7772961854934692,0.7712029932570704,2.8917808532714844,3.9320414066314697,0.387137234210968
Jena,24,CeNN_Emu[VQC],VQC,7,observable,0.8912410140037537,0.716847185472011,0.09879907220602036,0.14201532304286957,0.31049948930740356
Jena,24,CeNN_Ada[VQC],VQC,7,prediction,0.756313145160675,0.7494760819817735,2.920074939727783,3.9833459854125977,0.44428154826164246
Jena,24,CeNN_Ada[VQC],VQC,7,observable,0.8990182280540466,0.732561157412208,0.0950000211596489,0.13702896237373352,0.30444878339767456
Jena,24,CeNN_Emu[QRC],QRC,7,prediction,0.8679360151290894,0.8737915402146057,2.4133312702178955,3.2351763248443604,0.534516453742981
Jena,24,CeNN_Emu[QRC],QRC,7,observable,0.8145424127578735,0.5547350818625358,0.09269969910383224,0.13260553777217865,0.3939864933490753
Jena,24,CeNN_Ada[QRC],QRC,7,prediction,0.8473213911056519,0.8479278815218424,2.692355155944824,3.5630240440368652,0.5974060893058777
Jena,24,CeNN_Ada[QRC],QRC,7,observable,0.8060033321380615,0.5425467474579614,0.09473888576030731,0.13532452285289764,0.4076397716999054
Jena,24,CeNN_Emu[QKRR],QKRR,7,prediction,0.892352819442749,0.8861289624466078,2.291368246078491,3.0948715209960938,0.5336527824401855
Jena,24,CeNN_Emu[QKRR],QKRR,7,observable,0.571334958076477,0.5130085949132023,0.09198598563671112,0.12271703779697418,0.5635690093040466
Jena,24,CeNN_Ada[QKRR],QKRR,7,prediction,0.8774623870849609,0.8762882153964947,2.418510675430298,3.293116331100464,0.5044333338737488
Jena,24,CeNN_Ada[QKRR],QKRR,7,observable,0.585966944694519,0.534594856951531,0.0901321992278099,0.12119811773300171,0.6262799501419067
Jena,24,CeNN_Emu[QELM],QELM,99,prediction,0.8959146738052368,0.8957945783644046,2.0294690132141113,2.78851056098938,0.4358484745025635
Jena,24,CeNN_Emu[QELM],QELM,99,observable,0.8997188210487366,0.7363241517277528,0.08504292368888855,0.12393053621053696,0.3344043493270874
Jena,24,CeNN_Ada[QELM],QELM,99,prediction,0.8828710317611694,0.8912503127815006,2.260836124420166,3.0029404163360596,0.5585357546806335
Jena,24,CeNN_Ada[QELM],QELM,99,observable,0.9014867544174194,0.7324842157540684,0.08492191880941391,0.12282770872116089,0.3295127749443054
Jena,24,CeNN_Emu[VQC],VQC,99,prediction,0.8931589126586914,0.8952463036761219,2.046600580215454,2.938883066177368,0.3633708357810974
Jena,24,CeNN_Emu[VQC],VQC,99,observable,0.913684606552124,0.7726258760726016,0.08136792480945587,0.11650889366865158,0.28235381841659546
Jena,24,CeNN_Ada[VQC],VQC,99,prediction,0.8702610731124878,0.8765135810806037,2.3038294315338135,3.239321708679199,0.4366064965724945
Jena,24,CeNN_Ada[VQC],VQC,99,observable,0.9088969230651855,0.7594316849291539,0.08426365256309509,0.11938628554344177,0.3002719283103943
Jena,24,CeNN_Emu[QRC],QRC,99,prediction,0.8595803380012512,0.8550074110455728,2.562068462371826,3.4157466888427734,0.5776963233947754
Jena,24,CeNN_Emu[QRC],QRC,99,observable,0.8062395453453064,0.5625391517661064,0.10010062903165817,0.1418502777814865,0.4116538465023041
Jena,24,CeNN_Ada[QRC],QRC,99,prediction,0.838678240776062,0.8291687857789694,2.8098278045654297,3.715981960296631,0.6159244775772095
Jena,24,CeNN_Ada[QRC],QRC,99,observable,0.8152918815612793,0.5694998257009268,0.09812559932470322,0.1388729214668274,0.41050028800964355
Jena,24,CeNN_Emu[QKRR],QKRR,99,prediction,0.914384663105011,0.9109436945654446,2.0761101245880127,2.7533206939697266,0.4740511178970337
Jena,24,CeNN_Emu[QKRR],QKRR,99,observable,0.6703163385391235,0.6082572196038698,0.08975032716989517,0.12019694596529007,0.5368168950080872
Jena,24,CeNN_Ada[QKRR],QKRR,99,prediction,0.9116083383560181,0.9064642500188228,2.0979573726654053,2.766019105911255,0.5115280747413635
Jena,24,CeNN_Ada[QKRR],QKRR,99,observable,0.679595947265625,0.6186390956628756,0.08793464303016663,0.1183108538389206,0.47137650847435
AAPL,24,CeNN_Emu[QELM],QELM,42,prediction,-0.005032742861658335,-0.005591857008257673,0.004034154582768679,0.005176411475986242,0.6614798903465271
AAPL,24,CeNN_Emu[QELM],QELM,42,observable,0.03263004124164581,0.016916224734320244,0.184186190366745,0.287014901638031,0.6629527807235718
AAPL,24,CeNN_Ada[QELM],QELM,42,prediction,-0.005032742395997047,-0.005591853979709778,0.004034154117107391,0.005176411475986242,0.6614798307418823
AAPL,24,CeNN_Ada[QELM],QELM,42,observable,0.03263004124164581,0.01691621873665275,0.184186190366745,0.287014901638031,0.6629527807235718
AAPL,24,CeNN_Emu[VQC],VQC,42,prediction,0.050327468663454056,0.04605939955361172,0.004329168703407049,0.005587961990386248,0.6819362640380859
AAPL,24,CeNN_Emu[VQC],VQC,42,observable,0.051474619656801224,0.02210638078545962,0.1722014993429184,0.27798905968666077,0.6550254821777344
AAPL,24,CeNN_Ada[VQC],VQC,42,prediction,0.05032746493816376,0.04605937389648156,0.004329168237745762,0.005587961990386248,0.6819362640380859
AAPL,24,CeNN_Ada[VQC],VQC,42,observable,0.05147463083267212,0.022106390819013288,0.1722014993429184,0.2779890298843384,0.6550254821777344
AAPL,24,CeNN_Emu[QRC],QRC,42,prediction,0.020701542496681213,0.016296587419355274,0.008629972115159035,0.010945349000394344,0.7462553977966309
AAPL,24,CeNN_Emu[QRC],QRC,42,observable,0.681179404258728,0.40423623517179913,0.1511654406785965,0.2069104015827179,0.46895483136177063
AAPL,24,CeNN_Ada[QRC],QRC,42,prediction,0.020701542496681213,0.01629658161456601,0.008629972115159035,0.010945349931716919,0.7462553977966309
AAPL,24,CeNN_Ada[QRC],QRC,42,observable,0.6811795234680176,0.4042362346907444,0.1511654406785965,0.2069104015827179,0.468954861164093
AAPL,24,CeNN_Emu[QKRR],QKRR,42,prediction,-0.00012816768139600754,-0.005501912303872366,0.013402912765741348,0.017129812389612198,0.9431535601615906
AAPL,24,CeNN_Emu[QKRR],QKRR,42,observable,-0.021554045379161835,-0.019449154924172107,0.1086130365729332,0.14869865775108337,0.6384184956550598
AAPL,24,CeNN_Ada[QKRR],QKRR,42,prediction,-0.00012816768139600754,-0.005501888240249996,0.013402912765741348,0.017129812389612198,0.9431535601615906
AAPL,24,CeNN_Ada[QKRR],QKRR,42,observable,-0.02155405841767788,-0.01944919215402008,0.1086130365729332,0.14869865775108337,0.6384184956550598
AAPL,24,CeNN_Emu[QELM],QELM,123,prediction,0.00951986014842987,0.005496375466481188,0.004022535867989063,0.005162369925528765,0.675175666809082
AAPL,24,CeNN_Emu[QELM],QELM,123,observable,0.04939733445644379,0.017821435121250402,0.16995513439178467,0.2762141525745392,0.6369926929473877
AAPL,24,CeNN_Ada[QELM],QELM,123,prediction,0.009519859217107296,0.005496351955588275,0.004022535867989063,0.005162369925528765,0.675175666809082
AAPL,24,CeNN_Ada[QELM],QELM,123,observable,0.04939733445644379,0.017821442506848376,0.16995513439178467,0.2762141525745392,0.6369926929473877
AAPL,24,CeNN_Emu[VQC],VQC,123,prediction,0.06790555268526077,0.0637637294983963,0.0041578831151127815,0.005308309569954872,0.6864153146743774
AAPL,24,CeNN_Emu[VQC],VQC,123,observable,0.05011127144098282,0.018005389653602537,0.16406793892383575,0.27217617630958557,0.6369011402130127
AAPL,24,CeNN_Ada[VQC],VQC,123,prediction,0.06790556013584137,0.06376371003464357,0.0041578831151127815,0.005308309569954872,0.6864153742790222
AAPL,24,CeNN_Ada[VQC],VQC,123,observable,0.05011127516627312,0.018005410468572645,0.16406793892383575,0.27217617630958557,0.6369011402130127
AAPL,24,CeNN_Emu[QRC],QRC,123,prediction,0.024985522031784058,0.01952005319045637,0.008596349507570267,0.01093317661434412,0.7757114171981812
AAPL,24,CeNN_Emu[QRC],QRC,123,observable,0.7542012929916382,0.5207287559196967,0.1448466181755066,0.19687913358211517,0.42048025131225586
AAPL,24,CeNN_Ada[QRC],QRC,123,prediction,0.024985522031784058,0.01951999938316833,0.008596349507570267,0.01093317661434412,0.7757114171981812
AAPL,24,CeNN_Ada[QRC],QRC,123,observable,0.754201352596283,0.5207287509286905,0.1448466181755066,0.19687911868095398,0.42048028111457825
AAPL,24,CeNN_Emu[QKRR],QKRR,123,prediction,0.004591972101479769,0.008033314019208098,0.01311798021197319,0.016814762726426125,0.9686257839202881
AAPL,24,CeNN_Emu[QKRR],QKRR,123,observable,-0.005493696313351393,-0.008815707769244485,0.11617153137922287,0.16159866750240326,0.6801016330718994
AAPL,24,CeNN_Ada[QKRR],QKRR,123,prediction,0.00459196837618947,0.008033305869062944,0.01311798021197319,0.016814762726426125,0.9686258435249329
AAPL,24,CeNN_Ada[QKRR],QKRR,123,observable,-0.0054937079548835754,-0.008815815654527237,0.11617152392864227,0.16159866750240326,0.6801016330718994
AAPL,24,CeNN_Emu[QELM],QELM,2024,prediction,0.00799961481243372,0.008702951989991386,0.004028994124382734,0.005212373100221157,0.6792889833450317
AAPL,24,CeNN_Emu[QELM],QELM,2024,observable,0.052773892879486084,0.01769468987825859,0.18005765974521637,0.28453993797302246,0.6349077820777893
AAPL,24,CeNN_Ada[QELM],QELM,2024,prediction,0.007999615743756294,0.008703005522621642,0.004028993658721447,0.005212373100221157,0.6792889833450317
AAPL,24,CeNN_Ada[QELM],QELM,2024,observable,0.052773892879486084,0.017694694939442302,0.18005765974521637,0.28453993797302246,0.6349077224731445
AAPL,24,CeNN_Emu[VQC],VQC,2024,prediction,0.08005249500274658,0.08315344445410267,0.004157948307693005,0.005390877835452557,0.6838081479072571
AAPL,24,CeNN_Emu[VQC],VQC,2024,observable,0.05343039706349373,0.016174817040649464,0.16968458890914917,0.277565598487854,0.6360996961593628
AAPL,24,CeNN_Ada[VQC],VQC,2024,prediction,0.08005248755216599,0.08315338518345658,0.004157948307693005,0.005390877369791269,0.6838081479072571
AAPL,24,CeNN_Ada[VQC],VQC,2024,observable,0.05343039706349373,0.016174810781268954,0.16968458890914917,0.277565598487854,0.6360996961593628
AAPL,24,CeNN_Emu[QRC],QRC,2024,prediction,0.01636279746890068,0.013733121967807058,0.0086212158203125,0.010997788049280643,0.7569002509117126
AAPL,24,CeNN_Emu[QRC],QRC,2024,observable,0.7262749671936035,0.48167164357627884,0.1471104472875595,0.2004314810037613,0.44320398569107056
AAPL,24,CeNN_Ada[QRC],QRC,2024,prediction,0.01636279933154583,0.01373308743327626,0.0086212158203125,0.010997788049280643,0.7569002509117126
AAPL,24,CeNN_Ada[QRC],QRC,2024,observable,0.7262750267982483,0.48167164702179593,0.1471104472875595,0.2004314810037613,0.44320398569107056
AAPL,24,CeNN_Emu[QKRR],QKRR,2024,prediction,0.008623340167105198,0.015792588691921856,0.01345671433955431,0.017398454248905182,0.9402298331260681
AAPL,24,CeNN_Emu[QKRR],QKRR,2024,observable,-0.0015263671521097422,-0.004390088064588289,0.12142150104045868,0.16268689930438995,0.6585105657577515
AAPL,24,CeNN_Ada[QKRR],QKRR,2024,prediction,0.008623342961072922,0.015792642715482936,0.01345671433955431,0.017398454248905182,0.9402298331260681
AAPL,24,CeNN_Ada[QKRR],QKRR,2024,observable,-0.0015263748355209827,-0.0043900688759567616,0.12142150104045868,0.16268689930438995,0.6585105657577515
AAPL,24,CeNN_Emu[QELM],QELM,7,prediction,-0.012385532259941101,-0.01541332809377135,0.0040428596548736095,0.005122290458530188,0.6903991103172302
AAPL,24,CeNN_Emu[QELM],QELM,7,observable,0.04319649934768677,0.025648025041022284,0.21383725106716156,0.3154089152812958,0.6606467366218567
AAPL,24,CeNN_Ada[QELM],QELM,7,prediction,-0.01238553412258625,-0.01541334545029738,0.0040428596548736095,0.005122290458530188,0.6903990507125854
AAPL,24,CeNN_Ada[QELM],QELM,7,observable,0.04319649934768677,0.02564799193037649,0.21383725106716156,0.3154089152812958,0.6606467366218567
AAPL,24,CeNN_Emu[VQC],VQC,7,prediction,0.09145936369895935,0.09406634106357925,0.004400287289172411,0.005609102081507444,0.6885091066360474
AAPL,24,CeNN_Emu[VQC],VQC,7,observable,0.04489216208457947,0.02416626861707666,0.19889169931411743,0.3017064929008484,0.6625522971153259
AAPL,24,CeNN_Ada[VQC],VQC,7,prediction,0.09145936369895935,0.09406632402856921,0.004400287289172411,0.005609102081507444,0.6885091066360474
AAPL,24,CeNN_Ada[VQC],VQC,7,observable,0.04489216208457947,0.024166294813111215,0.19889169931411743,0.3017065227031708,0.6625522971153259
AAPL,24,CeNN_Emu[QRC],QRC,7,prediction,0.0013092199806123972,-0.0007096039886896477,0.00877808965742588,0.011137436144053936,0.755170464515686
AAPL,24,CeNN_Emu[QRC],QRC,7,observable,0.7173671722412109,0.397497373738954,0.1410689651966095,0.19386619329452515,0.44439566135406494
AAPL,24,CeNN_Ada[QRC],QRC,7,prediction,0.001309224171563983,-0.0007096412359194683,0.008778090588748455,0.011137436144053936,0.755170464515686
AAPL,24,CeNN_Ada[QRC],QRC,7,observable,0.7173671722412109,0.3974973805307058,0.1410689651966095,0.19386619329452515,0.44439569115638733
AAPL,24,CeNN_Emu[QKRR],QKRR,7,prediction,0.051479317247867584,0.041651265979205994,0.012628096155822277,0.015999911352992058,0.9775662422180176
AAPL,24,CeNN_Emu[QKRR],QKRR,7,observable,-0.0090668685734272,-0.004408231911618509,0.13259926438331604,0.1783362776041031,0.6654795408248901
AAPL,24,CeNN_Ada[QKRR],QKRR,7,prediction,0.05147930979728699,0.04165125172393814,0.012628096155822277,0.015999911352992058,0.9775661826133728
AAPL,24,CeNN_Ada[QKRR],QKRR,7,observable,-0.009066867642104626,-0.004408096620021274,0.13259926438331604,0.1783362776041031,0.6654795408248901
AAPL,24,CeNN_Emu[QELM],QELM,99,prediction,0.003066874109208584,0.00017772811044395817,0.00406371895223856,0.005226867273449898,0.696130096912384
AAPL,24,CeNN_Emu[QELM],QELM,99,observable,0.08122654259204865,0.03877584990768856,0.1863962858915329,0.2893766164779663,0.6250498294830322
AAPL,24,CeNN_Ada[QELM],QELM,99,prediction,0.0030668710824102163,0.0001776786271347116,0.00406371895223856,0.005226867739111185,0.6961300373077393
AAPL,24,CeNN_Ada[QELM],QELM,99,observable,0.08122652769088745,0.038775844678629,0.1863962858915329,0.2893766164779663,0.6250498294830322
AAPL,24,CeNN_Emu[VQC],VQC,99,prediction,0.05445718765258789,0.05023400513850458,0.004421207122504711,0.005679235327988863,0.6750068664550781
AAPL,24,CeNN_Emu[VQC],VQC,99,observable,0.059876713901758194,0.03159416717881646,0.18356473743915558,0.2843567430973053,0.6341756582260132
AAPL,24,CeNN_Ada[VQC],VQC,99,prediction,0.054457180202007294,0.05023393539993573,0.004421207122504711,0.005679235327988863,0.6750068068504333
AAPL,24,CeNN_Ada[VQC],VQC,99,observable,0.05987672507762909,0.03159413846472186,0.18356473743915558,0.2843567430973053,0.6341756582260132
AAPL,24,CeNN_Emu[QRC],QRC,99,prediction,0.005146360490471125,0.003085842360237362,0.008502274751663208,0.010816198773682117,0.7780251502990723
AAPL,24,CeNN_Emu[QRC],QRC,99,observable,0.7071268558502197,0.4351521483855665,0.1498914659023285,0.20441725850105286,0.461640864610672
AAPL,24,CeNN_Ada[QRC],QRC,99,prediction,0.005146359093487263,0.0030859099696482783,0.008502273820340633,0.010816198773682117,0.7780251502990723
AAPL,24,CeNN_Ada[QRC],QRC,99,observable,0.7071268558502197,0.4351521527865121,0.1498914659023285,0.20441725850105286,0.461640864610672
AAPL,24,CeNN_Emu[QKRR],QKRR,99,prediction,0.027406658977270126,0.023806929767169926,0.013032719492912292,0.016575930640101433,0.9406219720840454
AAPL,24,CeNN_Emu[QKRR],QKRR,99,observable,5.443580448627472e-06,0.003507435198320765,0.13203543424606323,0.1773507446050644,0.6643983721733093
AAPL,24,CeNN_Ada[QKRR],QKRR,99,prediction,0.027406658977270126,0.02380693300112699,0.013032717630267143,0.016575930640101433,0.9406220316886902
AAPL,24,CeNN_Ada[QKRR],QKRR,99,observable,5.443114787340164e-06,0.003507445438238696,0.13203543424606323,0.1773507446050644,0.6643983721733093
