dataset,origin,seed,teacher,student,r_stu,r_legacy,teacher_cal_MASE,ns_cal_MASE,g_soft,action,g_hard
ETTh1,0,42,QELM,DLinear,0.4453564040866268,0.5305896550581664,4.512464428225342,2.009654931323255,0.0,reject,0.0
ETTh1,0,42,QELM,PatchTST,0.4623693574135366,0.5305896550581664,4.512464428225342,2.086425278029993,0.0,reject,0.0
ETTh1,0,42,QELM,N-HiTS,0.46755029398493025,0.5305896550581664,4.512464428225342,2.1098040700132987,0.0,reject,0.0
ETTh1,0,42,QELM-NISQ,DLinear,0.42493667480498964,0.5056604178493093,4.729304506949225,2.009654931323255,0.0,reject,0.0
ETTh1,0,42,QELM-NISQ,PatchTST,0.43803668924300676,0.5056604178493093,4.763129046645954,2.086425278029993,0.0,reject,0.0
ETTh1,0,42,QELM-NISQ,N-HiTS,0.44190584321341636,0.5056604178493093,4.774329424275973,2.1098040700132987,0.0,reject,0.0
ETTh1,0,42,ClassicalELM,DLinear,0.8760677622333133,1.0,2.2939491874465823,2.009654931323255,0.9401694055832832,attenuate,0.0
ETTh1,0,42,ClassicalELM,PatchTST,0.9095342169947599,1.0,2.2939491874465823,2.086425278029993,1.0,accept,0.0
ETTh1,0,42,ClassicalELM,N-HiTS,0.9197257208481339,1.0,2.2939491874465823,2.1098040700132987,1.0,accept,0.0
ETTh1,0,123,QELM,DLinear,0.4302853642674977,0.5127234355784686,4.669705483146225,2.0093059248375047,0.0,reject,0.0
ETTh1,0,123,QELM,PatchTST,0.44807077416537044,0.5127234355784686,4.669705483146225,2.0923585509576044,0.0,reject,0.0
ETTh1,0,123,QELM,N-HiTS,0.4456466880340751,0.5127234355784686,4.669705483146225,2.0810387826586756,0.0,reject,0.0
ETTh1,0,123,QELM-NISQ,DLinear,0.42561559720944775,0.5041994512946858,4.720940534161661,2.0093059248375047,0.0,reject,0.0
ETTh1,0,123,QELM-NISQ,PatchTST,0.4451518231591929,0.5041994512946858,4.700325691375066,2.0923585509576044,0.0,reject,0.0
ETTh1,0,123,QELM-NISQ,N-HiTS,0.44526875956285283,0.5041994512946858,4.673668965012854,2.0810387826586756,0.0,reject,0.0
ETTh1,0,123,ClassicalELM,DLinear,0.8783553881892989,1.0,2.2875773882136974,2.0093059248375047,0.9458884704732473,attenuate,0.0
ETTh1,0,123,ClassicalELM,PatchTST,0.9146613188861192,1.0,2.2875773882136974,2.0923585509576044,1.0,accept,0.0
ETTh1,0,123,ClassicalELM,N-HiTS,0.909712953704136,1.0,2.2875773882136974,2.0810387826586756,1.0,accept,0.0
ETTh1,0,2024,QELM,DLinear,0.44863687694401483,0.534461652929576,4.479773118925775,2.0097914214926083,0.0,reject,0.0
ETTh1,0,2024,QELM,PatchTST,0.46973855188377384,0.534461652929576,4.479773118925775,2.1043221376520505,0.0,reject,0.0
ETTh1,0,2024,QELM,N-HiTS,0.47167730951205916,0.534461652929576,4.479773118925775,2.113007331959355,0.0,reject,0.0
ETTh1,0,2024,QELM-NISQ,DLinear,0.36205285032345874,0.4377032272384902,5.551099569295081,2.0097914214926083,0.0,reject,0.0
ETTh1,0,2024,QELM-NISQ,PatchTST,0.38066638933127145,0.4377032272384902,5.527995632471726,2.1043221376520505,0.0,reject,0.0
ETTh1,0,2024,QELM-NISQ,N-HiTS,0.38041207168447755,0.4377032272384902,5.554522291058975,2.113007331959355,0.0,reject,0.0
ETTh1,0,2024,ClassicalELM,DLinear,0.8681457476965424,1.0,2.3150391818714806,2.0097914214926083,0.920364369241356,attenuate,0.0
ETTh1,0,2024,ClassicalELM,PatchTST,0.9089790592446534,1.0,2.3150391818714806,2.1043221376520505,1.0,accept,0.0
ETTh1,0,2024,ClassicalELM,N-HiTS,0.912730699551788,1.0,2.3150391818714806,2.113007331959355,1.0,accept,0.0
ETTh1,1,42,QELM,DLinear,0.4352646800563675,0.5048276751045239,4.89727351218948,2.131610188431677,0.0,reject,0.0
ETTh1,1,42,QELM,PatchTST,0.44482349404404153,0.5048276751045239,4.89727351218948,2.17842231498146,0.0,reject,0.0
ETTh1,1,42,QELM,N-HiTS,0.44318937764124905,0.5048276751045239,4.89727351218948,2.1704196000062295,0.0,reject,0.0
ETTh1,1,42,QELM-NISQ,DLinear,0.42805812080156336,0.4943988556984787,4.979721408952866,2.131610188431677,0.0,reject,0.0
ETTh1,1,42,QELM-NISQ,PatchTST,0.43688640986846844,0.4943988556984787,4.986244171882821,2.17842231498146,0.0,reject,0.0
ETTh1,1,42,QELM-NISQ,N-HiTS,0.44175023824290316,0.4943988556984787,4.9132279105026555,2.1704196000062295,0.0,reject,0.0
ETTh1,1,42,ClassicalELM,DLinear,0.9072668918290692,1.0,2.349485259110807,2.131610188431677,1.0,accept,0.0
ETTh1,1,42,ClassicalELM,PatchTST,0.9271913098981994,1.0,2.349485259110807,2.17842231498146,1.0,accept,0.0
ETTh1,1,42,ClassicalELM,N-HiTS,0.9237851531903855,1.0,2.349485259110807,2.1704196000062295,1.0,accept,0.0
ETTh1,1,123,QELM,DLinear,0.4731182575026818,0.5484548856766875,4.507716371834874,2.1326829151588265,0.0,reject,0.0
ETTh1,1,123,QELM,PatchTST,0.4879660467250418,0.5484548856766875,4.507716371834874,2.199612537722012,0.0,reject,0.0
ETTh1,1,123,QELM,N-HiTS,0.4797091901355457,0.5484548856766875,4.507716371834874,2.1623929700936477,0.0,reject,0.0
ETTh1,1,123,QELM-NISQ,DLinear,0.4701890276550256,0.547126681029175,4.535798986622804,2.1326829151588265,0.0,reject,0.0
ETTh1,1,123,QELM-NISQ,PatchTST,0.4834354902143191,0.547126681029175,4.549960816378765,2.199612537722012,0.0,reject,0.0
ETTh1,1,123,QELM-NISQ,N-HiTS,0.4768693041772974,0.547126681029175,4.534561044612093,2.1623929700936477,0.0,reject,0.0
ETTh1,1,123,ClassicalELM,DLinear,0.8800168202751351,1.0,2.423456990847116,2.1326829151588265,0.9500420506878376,attenuate,0.0
ETTh1,1,123,ClassicalELM,PatchTST,0.9076342373846462,1.0,2.423456990847116,2.199612537722012,1.0,accept,0.0
ETTh1,1,123,ClassicalELM,N-HiTS,0.8922761898645397,1.0,2.423456990847116,2.1623929700936477,0.9806904746613493,attenuate,0.0
ETTh1,1,2024,QELM,DLinear,0.40712241918260633,0.47212674273485905,5.236473827933564,2.1318858928147155,0.0,reject,0.0
ETTh1,1,2024,QELM,PatchTST,0.4141965868844724,0.47212674273485905,5.236473827933564,2.1689295868399503,0.0,reject,0.0
ETTh1,1,2024,QELM,N-HiTS,0.414531569880664,0.47212674273485905,5.236473827933564,2.17068371653231,0.0,reject,0.0
ETTh1,1,2024,QELM-NISQ,DLinear,0.3967496076787221,0.46294401649956923,5.373378704235704,2.1318858928147155,0.0,reject,0.0
ETTh1,1,2024,QELM-NISQ,PatchTST,0.4068578277196951,0.46294401649956923,5.330927510959025,2.1689295868399503,0.0,reject,0.0
ETTh1,1,2024,QELM-NISQ,N-HiTS,0.4070769183738996,0.46294401649956923,5.3323674680531505,2.17068371653231,0.0,reject,0.0
ETTh1,1,2024,ClassicalELM,DLinear,0.8875204420441617,1.0,2.4020696220861084,2.1318858928147155,0.9688011051104042,attenuate,0.0
ETTh1,1,2024,ClassicalELM,PatchTST,0.9029420158755911,1.0,2.4020696220861084,2.1689295868399503,1.0,accept,0.0
ETTh1,1,2024,ClassicalELM,N-HiTS,0.903672273515183,1.0,2.4020696220861084,2.17068371653231,1.0,accept,0.0
ETTh1,2,42,QELM,DLinear,0.11880516925017091,0.14488254139760462,12.887826432450968,1.5311404005741638,0.0,reject,0.0
ETTh1,2,42,QELM,PatchTST,0.14004474004604087,0.14488254139760462,12.887826432450968,1.80487230249109,0.0,reject,0.0
ETTh1,2,42,QELM,N-HiTS,0.13149796373948602,0.14488254139760462,12.887826432450968,1.694722932895227,0.0,reject,0.0
ETTh1,2,42,QELM-NISQ,DLinear,0.11277687548091987,0.1376151071577189,13.576723012096654,1.5311404005741638,0.0,reject,0.0
ETTh1,2,42,QELM-NISQ,PatchTST,0.13268912348831946,0.1376151071577189,13.602262604816827,1.80487230249109,0.0,reject,0.0
ETTh1,2,42,QELM-NISQ,N-HiTS,0.12537830620840043,0.1376151071577189,13.51687532034692,1.694722932895227,0.0,reject,0.0
ETTh1,2,42,ClassicalELM,DLinear,0.6224659053423279,0.7590954083154314,2.459798018547066,1.5311404005741638,0.3061647633558198,attenuate,0.0
ETTh1,2,42,ClassicalELM,PatchTST,0.7337481731760959,0.7590954083154314,2.459798018547066,1.80487230249109,0.5843704329402396,attenuate,0.0
ETTh1,2,42,ClassicalELM,N-HiTS,0.6889683299672925,0.7590954083154314,2.459798018547066,1.694722932895227,0.4724208249182313,attenuate,0.0
ETTh1,2,123,QELM,DLinear,0.11287874288209475,0.13801255136178908,13.529355723521514,1.527176666075782,0.0,reject,0.0
ETTh1,2,123,QELM,PatchTST,0.13900069626528488,0.13801255136178908,13.529355723521514,1.8805898655902076,0.0,reject,0.0
ETTh1,2,123,QELM,N-HiTS,0.11889097876025356,0.13801255136178908,13.529355723521514,1.6085183439651114,0.0,reject,0.0
ETTh1,2,123,QELM-NISQ,DLinear,0.11501843694020487,0.14088982748682838,13.277668404324794,1.527176666075782,0.0,reject,0.0
ETTh1,2,123,QELM-NISQ,PatchTST,0.14176279228575814,0.14088982748682838,13.265750732388309,1.8805898655902076,0.0,reject,0.0
ETTh1,2,123,QELM-NISQ,N-HiTS,0.12148544428319542,0.14088982748682838,13.240420310893255,1.6085183439651114,0.0,reject,0.0
ETTh1,2,123,ClassicalELM,DLinear,0.5374302907091194,0.6570957571225186,2.8416274491352707,1.527176666075782,0.09357572677279852,attenuate,0.0
ETTh1,2,123,ClassicalELM,PatchTST,0.6618002884799292,0.6570957571225186,2.8416274491352707,1.8805898655902076,0.40450072119982305,attenuate,0.0
ETTh1,2,123,ClassicalELM,N-HiTS,0.5660553231404757,0.6570957571225186,2.8416274491352707,1.6085183439651114,0.16513830785118921,attenuate,0.0
ETTh1,2,2024,QELM,DLinear,0.12284965612759179,0.14873135507313864,12.554318744729253,1.5422937407061685,0.0,reject,0.0
ETTh1,2,2024,QELM,PatchTST,0.14196702335430306,0.14873135507313864,12.554318744729253,1.7822992624303424,0.0,reject,0.0
ETTh1,2,2024,QELM,N-HiTS,0.1317374674561671,0.14873135507313864,12.554318744729253,1.6538741570681184,0.0,reject,0.0
ETTh1,2,2024,QELM-NISQ,DLinear,0.11944835505905052,0.14600639926268333,12.911803933538637,1.5422937407061685,0.0,reject,0.0
ETTh1,2,2024,QELM-NISQ,PatchTST,0.13887993008842514,0.14600639926268333,12.833382485831818,1.7822992624303424,0.0,reject,0.0
ETTh1,2,2024,QELM-NISQ,N-HiTS,0.12810589327514532,0.14600639926268333,12.910211347700718,1.6538741570681184,0.0,reject,0.0
ETTh1,2,2024,ClassicalELM,DLinear,0.6739515927740465,0.8159384895487721,2.2884340021483536,1.5422937407061685,0.4348789819351162,attenuate,0.0
ETTh1,2,2024,ClassicalELM,PatchTST,0.7788292171664737,0.8159384895487721,2.2884340021483536,1.7822992624303424,0.6970730429161842,attenuate,0.0
ETTh1,2,2024,ClassicalELM,N-HiTS,0.7227100084666989,0.8159384895487721,2.2884340021483536,1.6538741570681184,0.5567750211667472,attenuate,0.0
ETTh1,3,42,QELM,DLinear,0.10503427768177484,0.10878288855128264,16.96981415609676,1.7824121722795805,0.0,reject,0.0
ETTh1,3,42,QELM,PatchTST,0.10637686425826005,0.10878288855128264,16.96981415609676,1.805195616971005,0.0,reject,0.0
ETTh1,3,42,QELM,N-HiTS,0.10670862505632248,0.10878288855128264,16.96981415609676,1.8108255360584027,0.0,reject,0.0
ETTh1,3,42,QELM-NISQ,DLinear,0.09726015325360696,0.10127935520745542,18.326232405082898,1.7824121722795805,0.0,reject,0.0
ETTh1,3,42,QELM-NISQ,PatchTST,0.09885859558284746,0.10127935520745542,18.26038096462921,1.805195616971005,0.0,reject,0.0
ETTh1,3,42,QELM-NISQ,N-HiTS,0.09913402095654975,0.10127935520745542,18.26643889338539,1.8108255360584027,0.0,reject,0.0
ETTh1,3,42,ClassicalELM,DLinear,0.7256498799750405,0.7515479505604713,2.4562977566273263,1.7824121722795805,0.5641246999376012,attenuate,0.0
ETTh1,3,42,ClassicalELM,PatchTST,0.7349254023053251,0.7515479505604713,2.4562977566273263,1.805195616971005,0.5873135057633128,attenuate,0.0
ETTh1,3,42,ClassicalELM,N-HiTS,0.7372174367592944,0.7515479505604713,2.4562977566273263,1.8108255360584027,0.593043591898236,attenuate,0.0
ETTh1,3,123,QELM,DLinear,0.0958724960023706,0.09911817625871645,18.624491914961435,1.785576526663324,0.0,reject,0.0
ETTh1,3,123,QELM,PatchTST,0.09627571519759737,0.09911817625871645,18.624491914961435,1.793086279304782,0.0,reject,0.0
ETTh1,3,123,QELM,N-HiTS,0.09684091272775493,0.09911817625871645,18.624491914961435,1.8036127961355575,0.0,reject,0.0
ETTh1,3,123,QELM-NISQ,DLinear,0.09757918797098158,0.10066603034927385,18.298743449210956,1.785576526663324,0.0,reject,0.0
ETTh1,3,123,QELM-NISQ,PatchTST,0.09807333776266654,0.10066603034927385,18.283116698281212,1.793086279304782,0.0,reject,0.0
ETTh1,3,123,QELM-NISQ,N-HiTS,0.09847581288386337,0.10066603034927385,18.315287209282886,1.8036127961355575,0.0,reject,0.0
ETTh1,3,123,ClassicalELM,DLinear,0.7309358738090204,0.7556809807898017,2.4428634448579016,1.785576526663324,0.5773396845225509,attenuate,0.0
ETTh1,3,123,ClassicalELM,PatchTST,0.7340100336263714,0.7556809807898017,2.4428634448579016,1.793086279304782,0.5850250840659285,attenuate,0.0
ETTh1,3,123,ClassicalELM,N-HiTS,0.7383191229669702,0.7556809807898017,2.4428634448579016,1.8036127961355575,0.5957978074174255,attenuate,0.0
ETTh1,3,2024,QELM,DLinear,0.10604388182432951,0.11011919558149894,16.763883969240304,1.7777073305508908,0.0,reject,0.0
ETTh1,3,2024,QELM,PatchTST,0.1099497562740417,0.11011919558149894,16.763883969240304,1.8431849566242862,0.0,reject,0.0
ETTh1,3,2024,QELM,N-HiTS,0.10898238924082844,0.11011919558149894,16.763883969240304,1.826968127923831,0.0,reject,0.0
ETTh1,3,2024,QELM-NISQ,DLinear,0.10317256417426626,0.10698013724382822,17.23042695292722,1.7777073305508908,0.0,reject,0.0
ETTh1,3,2024,QELM-NISQ,PatchTST,0.10709584888781168,0.10698013724382822,17.210610642389284,1.8431849566242862,0.0,reject,0.0
ETTh1,3,2024,QELM-NISQ,N-HiTS,0.10598997741302676,0.10698013724382822,17.237178198504704,1.826968127923831,0.0,reject,0.0
ETTh1,3,2024,ClassicalELM,DLinear,0.790447988355457,0.8208253630477513,2.248987101921085,1.7777073305508908,0.7261199708886426,attenuate,0.0
ETTh1,3,2024,ClassicalELM,PatchTST,0.819562262073374,0.8208253630477513,2.248987101921085,1.8431849566242862,0.798905655183435,attenuate,0.0
ETTh1,3,2024,ClassicalELM,N-HiTS,0.8123515365487134,0.8208253630477513,2.248987101921085,1.826968127923831,0.7808788413717834,attenuate,0.0
ETTh1,4,42,QELM,DLinear,0.3684331272467637,0.4007810017319524,5.837553747950153,2.150748182828341,0.0,reject,0.0
ETTh1,4,42,QELM,PatchTST,0.3636676120784277,0.4007810017319524,5.837553747950153,2.122929231896508,0.0,reject,0.0
ETTh1,4,42,QELM,N-HiTS,0.3666928798888382,0.4007810017319524,5.837553747950153,2.1405893953417228,0.0,reject,0.0
ETTh1,4,42,QELM-NISQ,DLinear,0.33962534944173906,0.36735584317638253,6.332708045390736,2.150748182828341,0.0,reject,0.0
ETTh1,4,42,QELM-NISQ,PatchTST,0.3370373714197924,0.36735584317638253,6.298794768525303,2.122929231896508,0.0,reject,0.0
ETTh1,4,42,QELM-NISQ,N-HiTS,0.3418747886675895,0.36735584317638253,6.261325685009938,2.1405893953417228,0.0,reject,0.0
ETTh1,4,42,ClassicalELM,DLinear,0.9132960571801072,0.993482181880668,2.354929889294596,2.150748182828341,1.0,accept,0.0
ETTh1,4,42,ClassicalELM,PatchTST,0.9014829874754435,0.993482181880668,2.354929889294596,2.122929231896508,1.0,accept,0.0
ETTh1,4,42,ClassicalELM,N-HiTS,0.9089822185674167,0.993482181880668,2.354929889294596,2.1405893953417228,1.0,accept,0.0
ETTh1,4,123,QELM,DLinear,0.35998095033178673,0.3934175569249503,5.946813681894054,2.140739640654293,0.0,reject,0.0
ETTh1,4,123,QELM,PatchTST,0.3578154750201842,0.3934175569249503,5.946813681894054,2.1278619624434514,0.0,reject,0.0
ETTh1,4,123,QELM,N-HiTS,0.36256472303458087,0.3934175569249503,5.946813681894054,2.1561048555141737,0.0,reject,0.0
ETTh1,4,123,QELM-NISQ,DLinear,0.3490175948548865,0.3825219541277212,6.133615245226716,2.140739640654293,0.0,reject,0.0
ETTh1,4,123,QELM-NISQ,PatchTST,0.34796161574652684,0.3825219541277212,6.115220375322936,2.1278619624434514,0.0,reject,0.0
ETTh1,4,123,QELM-NISQ,N-HiTS,0.35465491729075316,0.3825219541277212,6.079444413135138,2.1561048555141737,0.0,reject,0.0
ETTh1,4,123,ClassicalELM,DLinear,0.7837672573728737,0.856567029189115,2.7313460986235687,2.140739640654293,0.7094181434321841,attenuate,0.0
ETTh1,4,123,ClassicalELM,PatchTST,0.7790524838707785,0.856567029189115,2.7313460986235687,2.1278619624434514,0.6976312096769463,attenuate,0.0
ETTh1,4,123,ClassicalELM,N-HiTS,0.7893927673979941,0.856567029189115,2.7313460986235687,2.1561048555141737,0.7234819184949853,attenuate,0.0
ETTh1,4,2024,QELM,DLinear,0.35657274272718514,0.3884903685710208,6.022236294546711,2.1473653128977213,0.0,reject,0.0
ETTh1,4,2024,QELM,PatchTST,0.36095693574110643,0.3884903685710208,6.022236294546711,2.173767959188456,0.0,reject,0.0
ETTh1,4,2024,QELM,N-HiTS,0.3627422808799455,0.3884903685710208,6.022236294546711,2.184519729481865,0.0,reject,0.0
ETTh1,4,2024,QELM-NISQ,DLinear,0.3251037030883293,0.35364561621166274,6.605170265668401,2.1473653128977213,0.0,reject,0.0
ETTh1,4,2024,QELM-NISQ,PatchTST,0.3297585003311385,0.35364561621166274,6.5919997725777835,2.173767959188456,0.0,reject,0.0
ETTh1,4,2024,QELM-NISQ,N-HiTS,0.33081669500423566,0.35364561621166274,6.60341440583552,2.184519729481865,0.0,reject,0.0
ETTh1,4,2024,ClassicalELM,DLinear,0.8955812781154342,0.975746821529862,2.39773358976017,2.1473653128977213,0.9889531952885855,attenuate,0.0
ETTh1,4,2024,ClassicalELM,PatchTST,0.9065927793111844,0.975746821529862,2.39773358976017,2.173767959188456,1.0,accept,0.0
ETTh1,4,2024,ClassicalELM,N-HiTS,0.9110769181410052,0.975746821529862,2.39773358976017,2.184519729481865,1.0,accept,0.0
ETTm2,0,42,QELM,DLinear,0.14212722318501622,0.2679401534908516,50.26588732685587,7.144150986696922,0.0,reject,0.0
ETTm2,0,42,QELM,PatchTST,0.1874664540112274,0.2679401534908516,50.26588732685587,9.423167654893565,0.0,reject,0.0
ETTm2,0,42,QELM,N-HiTS,0.15481322630169791,0.2679401534908516,50.26588732685587,7.781824189988186,0.0,reject,0.0
ETTm2,0,42,QELM-NISQ,DLinear,0.14348871760607187,0.2691844654757744,49.788938850998626,7.144150986696922,0.0,reject,0.0
ETTm2,0,42,QELM-NISQ,PatchTST,0.18905649108768102,0.2691844654757744,49.84313207486363,9.423167654893565,0.0,reject,0.0
ETTm2,0,42,QELM-NISQ,N-HiTS,0.15584925119335843,0.2691844654757744,49.93173935968074,7.781824189988186,0.0,reject,0.0
ETTm2,0,42,ClassicalELM,DLinear,0.428209989479522,0.8072672497271707,16.683756012746105,7.144150986696922,0.0,reject,0.0
ETTm2,0,42,ClassicalELM,PatchTST,0.5648109243322922,0.8072672497271707,16.683756012746105,9.423167654893565,0.16202731083073046,attenuate,0.0
ETTm2,0,42,ClassicalELM,N-HiTS,0.46643119115641624,0.8072672497271707,16.683756012746105,7.781824189988186,0.0,reject,0.0
ETTm2,0,123,QELM,DLinear,0.13956036796875762,0.264371170378465,50.94447174717789,7.109829223010123,0.0,reject,0.0
ETTm2,0,123,QELM,PatchTST,0.1913609510254324,0.264371170378465,50.94447174717789,9.748782563028234,0.0,reject,0.0
ETTm2,0,123,QELM,N-HiTS,0.1482543477327882,0.264371170378465,50.94447174717789,7.552739429469316,0.0,reject,0.0
ETTm2,0,123,QELM-NISQ,DLinear,0.13866697008208068,0.26267134940706804,51.272694707338204,7.109829223010123,0.0,reject,0.0
ETTm2,0,123,QELM-NISQ,PatchTST,0.1899036363735378,0.26267134940706804,51.33541805304094,9.748782563028234,0.0,reject,0.0
ETTm2,0,123,QELM-NISQ,N-HiTS,0.147519003347916,0.26267134940706804,51.19841686875125,7.552739429469316,0.0,reject,0.0
ETTm2,0,123,ClassicalELM,DLinear,0.5413597699452768,1.0,13.133279600234829,7.109829223010123,0.10339942486319198,attenuate,0.0
ETTm2,0,123,ClassicalELM,PatchTST,0.7422961255506904,1.0,13.133279600234829,9.748782563028234,0.6057403138767259,attenuate,0.0
ETTm2,0,123,ClassicalELM,N-HiTS,0.5750840353185103,1.0,13.133279600234829,7.552739429469316,0.18771008829627567,attenuate,0.0
ETTm2,0,2024,QELM,DLinear,0.13670704882988496,0.25917854633193366,51.965139858232426,7.104000912051182,0.0,reject,0.0
ETTm2,0,2024,QELM,PatchTST,0.1781845074995425,0.25917854633193366,51.965139858232426,9.259382852783991,0.0,reject,0.0
ETTm2,0,2024,QELM,N-HiTS,0.1479296323244371,0.25917854633193366,51.965139858232426,7.6871840329162735,0.0,reject,0.0
ETTm2,0,2024,QELM-NISQ,DLinear,0.1369241204303662,0.25974047477663087,51.88275732371037,7.104000912051182,0.0,reject,0.0
ETTm2,0,2024,QELM-NISQ,PatchTST,0.17900804876655682,0.25974047477663087,51.72606995375436,9.259382852783991,0.0,reject,0.0
ETTm2,0,2024,QELM-NISQ,N-HiTS,0.148438711663211,0.25974047477663087,51.78692233840954,7.6871840329162735,0.0,reject,0.0
ETTm2,0,2024,ClassicalELM,DLinear,0.489386564058563,0.9278123624473369,14.516133939470137,7.104000912051182,0.0,reject,0.0
ETTm2,0,2024,ClassicalELM,PatchTST,0.6378683808921906,0.9278123624473369,14.516133939470137,9.259382852783991,0.3446709522304764,attenuate,0.0
ETTm2,0,2024,ClassicalELM,N-HiTS,0.5295613876925186,0.9278123624473369,14.516133939470137,7.6871840329162735,0.07390346923129648,attenuate,0.0
ETTm2,1,42,QELM,DLinear,0.18035251692395118,0.36688484754049894,38.44735836996793,6.934077851100858,0.0,reject,0.0
ETTm2,1,42,QELM,PatchTST,0.19938581778985398,0.36688484754049894,38.44735836996793,7.665857990455643,0.0,reject,0.0
ETTm2,1,42,QELM,N-HiTS,0.19564972708353073,0.36688484754049894,38.44735836996793,7.522215172166926,0.0,reject,0.0
ETTm2,1,42,QELM-NISQ,DLinear,0.17700005423772777,0.35964433672699214,39.17556907518083,6.934077851100858,0.0,reject,0.0
ETTm2,1,42,QELM-NISQ,PatchTST,0.19496914733085316,0.35964433672699214,39.31831315570691,7.665857990455643,0.0,reject,0.0
ETTm2,1,42,QELM-NISQ,N-HiTS,0.19109486335650447,0.35964433672699214,39.36377482912015,7.522215172166926,0.0,reject,0.0
ETTm2,1,42,ClassicalELM,DLinear,0.43029799691067766,0.8753403018571791,16.11459477126093,6.934077851100858,0.0,reject,0.0
ETTm2,1,42,ClassicalELM,PatchTST,0.4757090140502371,0.8753403018571791,16.11459477126093,7.665857990455643,0.0,reject,0.0
ETTm2,1,42,ClassicalELM,N-HiTS,0.4667951803282194,0.8753403018571791,16.11459477126093,7.522215172166926,0.0,reject,0.0
ETTm2,1,123,QELM,DLinear,0.16849320251149455,0.3427823935349133,41.150754797308615,6.933622461563776,0.0,reject,0.0
ETTm2,1,123,QELM,PatchTST,0.20975120203955144,0.3427823935349133,41.150754797308615,8.63142028357032,0.0,reject,0.0
ETTm2,1,123,QELM,N-HiTS,0.19105004833025238,0.3427823935349133,41.150754797308615,7.861853692852176,0.0,reject,0.0
ETTm2,1,123,QELM-NISQ,DLinear,0.16478610884757874,0.33513894443243847,42.076498498894274,6.933622461563776,0.0,reject,0.0
ETTm2,1,123,QELM-NISQ,PatchTST,0.20557845376030182,0.33513894443243847,41.986016168962394,8.63142028357032,0.0,reject,0.0
ETTm2,1,123,QELM-NISQ,N-HiTS,0.18751422212171723,0.33513894443243847,41.92670616604736,7.861853692852176,0.0,reject,0.0
ETTm2,1,123,ClassicalELM,DLinear,0.5110391829230547,1.0,13.567692445625536,6.933622461563776,0.02759795730763681,attenuate,0.0
ETTm2,1,123,ClassicalELM,PatchTST,0.6361745240144534,1.0,13.567692445625536,8.63142028357032,0.3404363100361335,attenuate,0.0
ETTm2,1,123,ClassicalELM,N-HiTS,0.5794540025402017,1.0,13.567692445625536,7.861853692852176,0.19863500635050435,attenuate,0.0
ETTm2,1,2024,QELM,DLinear,0.14925841473670004,0.30391265832951436,46.41384354951072,6.927656710037181,0.0,reject,0.0
ETTm2,1,2024,QELM,PatchTST,0.1752377386684591,0.30391265832951436,46.41384354951072,8.133456986527905,0.0,reject,0.0
ETTm2,1,2024,QELM,N-HiTS,0.16819066167378008,0.30391265832951436,46.41384354951072,7.806375057415517,0.0,reject,0.0
ETTm2,1,2024,QELM-NISQ,DLinear,0.14633489492355015,0.2974312062432979,47.34111240969833,6.927656710037181,0.0,reject,0.0
ETTm2,1,2024,QELM-NISQ,PatchTST,0.17189621396603533,0.2974312062432979,47.31609148840812,8.133456986527905,0.0,reject,0.0
ETTm2,1,2024,QELM-NISQ,N-HiTS,0.1652631120420104,0.2974312062432979,47.23604052325429,7.806375057415517,0.0,reject,0.0
ETTm2,1,2024,ClassicalELM,DLinear,0.5396050941039187,1.0,12.838382709380117,6.927656710037181,0.09901273525979665,attenuate,0.0
ETTm2,1,2024,ClassicalELM,PatchTST,0.6335266030498804,1.0,12.838382709380117,8.133456986527905,0.333816507624701,attenuate,0.0
ETTm2,1,2024,ClassicalELM,N-HiTS,0.6080497235615152,1.0,12.838382709380117,7.806375057415517,0.270124308903788,attenuate,0.0
ETTm2,2,42,QELM,DLinear,0.16603268391875742,0.3591062353602471,36.3092364023885,6.02851997092921,0.0,reject,0.0
ETTm2,2,42,QELM,PatchTST,0.1652605726003902,0.3591062353602471,36.3092364023885,6.000485198541655,0.0,reject,0.0
ETTm2,2,42,QELM,N-HiTS,0.18731937303163612,0.3591062353602471,36.3092364023885,6.801423398152873,0.0,reject,0.0
ETTm2,2,42,QELM-NISQ,DLinear,0.16016998463806176,0.34505005812793216,37.638262777835294,6.02851997092921,0.0,reject,0.0
ETTm2,2,42,QELM-NISQ,PatchTST,0.15864308496625198,0.34505005812793216,37.823805555837076,6.000485198541655,0.0,reject,0.0
ETTm2,2,42,QELM-NISQ,N-HiTS,0.18043505435931784,0.34505005812793216,37.694578929261375,6.801423398152873,0.0,reject,0.0
ETTm2,2,42,ClassicalELM,DLinear,0.543090403597181,1.0,11.100398627924683,6.02851997092921,0.10772600899295243,attenuate,0.0
ETTm2,2,42,ClassicalELM,PatchTST,0.5405648391262773,1.0,11.100398627924683,6.000485198541655,0.10141209781569321,attenuate,0.0
ETTm2,2,42,ClassicalELM,N-HiTS,0.6127188424605665,1.0,11.100398627924683,6.801423398152873,0.2817971061514163,attenuate,0.0
ETTm2,2,123,QELM,DLinear,0.14513762992855808,0.3156534527058034,41.30755785719858,5.995281045530589,0.0,reject,0.0
ETTm2,2,123,QELM,PatchTST,0.14804558441281654,0.3156534527058034,41.30755785719858,6.115401543635195,0.0,reject,0.0
ETTm2,2,123,QELM,N-HiTS,0.15567194089049927,0.3156534527058034,41.30755785719858,6.4304277050766965,0.0,reject,0.0
ETTm2,2,123,QELM-NISQ,DLinear,0.13992088712858652,0.30418367967733956,42.847648900488736,5.995281045530589,0.0,reject,0.0
ETTm2,2,123,QELM-NISQ,PatchTST,0.14311943888863973,0.30418367967733956,42.72935662075609,6.115401543635195,0.0,reject,0.0
ETTm2,2,123,QELM-NISQ,N-HiTS,0.14995967005725944,0.30418367967733956,42.881047301726866,6.4304277050766965,0.0,reject,0.0
ETTm2,2,123,ClassicalELM,DLinear,0.6343414562369152,1.0,9.451189082132855,5.995281045530589,0.33585364059228795,attenuate,0.0
ETTm2,2,123,ClassicalELM,PatchTST,0.6470510208282839,1.0,9.451189082132855,6.115401543635195,0.3676275520707098,attenuate,0.0
ETTm2,2,123,ClassicalELM,N-HiTS,0.6803829284542828,1.0,9.451189082132855,6.4304277050766965,0.4509573211357071,attenuate,0.0
ETTm2,2,2024,QELM,DLinear,0.14664500300719155,0.3186972748132372,40.91303895564993,5.999692720684629,0.0,reject,0.0
ETTm2,2,2024,QELM,PatchTST,0.1490451550122349,0.3186972748132372,40.91303895564993,6.097890233166448,0.0,reject,0.0
ETTm2,2,2024,QELM,N-HiTS,0.15170333807228298,0.3186972748132372,40.91303895564993,6.206644580253444,0.0,reject,0.0
ETTm2,2,2024,QELM-NISQ,DLinear,0.1461529111990557,0.3158131519598402,41.050791745867,5.999692720684629,0.0,reject,0.0
ETTm2,2,2024,QELM-NISQ,PatchTST,0.14820445297459564,0.3158131519598402,41.14512155860603,6.097890233166448,0.0,reject,0.0
ETTm2,2,2024,QELM-NISQ,N-HiTS,0.15002783063143738,0.3158131519598402,41.36995485524858,6.206644580253444,0.0,reject,0.0
ETTm2,2,2024,ClassicalELM,DLinear,0.6218880913392828,1.0,9.647543994231887,5.999692720684629,0.304720228348207,attenuate,0.0
ETTm2,2,2024,ClassicalELM,PatchTST,0.6320665898815575,1.0,9.647543994231887,6.097890233166448,0.33016647470389376,attenuate,0.0
ETTm2,2,2024,ClassicalELM,N-HiTS,0.6433393394178144,1.0,9.647543994231887,6.206644580253444,0.358348348544536,attenuate,0.0
ETTm2,3,42,QELM,DLinear,0.1786383234875055,0.30467399682398916,35.02009151902517,6.255930437337667,0.0,reject,0.0
ETTm2,3,42,QELM,PatchTST,0.24251376164057178,0.30467399682398916,35.02009151902517,8.49285412727588,0.0,reject,0.0
ETTm2,3,42,QELM,N-HiTS,0.19714624648524792,0.30467399682398916,35.02009151902517,6.904079594545676,0.0,reject,0.0
ETTm2,3,42,QELM-NISQ,DLinear,0.16656373111941614,0.2858169573546125,37.55877942511111,6.255930437337667,0.0,reject,0.0
ETTm2,3,42,QELM-NISQ,PatchTST,0.2260212541390539,0.2858169573546125,37.57546678353915,8.49285412727588,0.0,reject,0.0
ETTm2,3,42,QELM-NISQ,N-HiTS,0.18448545744346045,0.2858169573546125,37.423435376534115,6.904079594545676,0.0,reject,0.0
ETTm2,3,42,ClassicalELM,DLinear,0.4317865022177783,0.7364270999415661,14.488480777433821,6.255930437337667,0.0,reject,0.0
ETTm2,3,42,ClassicalELM,PatchTST,0.5861797560240903,0.7364270999415661,14.488480777433821,8.49285412727588,0.21544939006022584,attenuate,0.0
ETTm2,3,42,ClassicalELM,N-HiTS,0.4765219832640394,0.7364270999415661,14.488480777433821,6.904079594545676,0.0,reject,0.0
ETTm2,3,123,QELM,DLinear,0.18582162295715113,0.3162132877816542,33.742132147980485,6.270017757772397,0.0,reject,0.0
ETTm2,3,123,QELM,PatchTST,0.2383652625914266,0.3162132877816542,33.742132147980485,8.042952189847986,0.0,reject,0.0
ETTm2,3,123,QELM,N-HiTS,0.20453416892968265,0.3162132877816542,33.742132147980485,6.901418956802717,0.0,reject,0.0
ETTm2,3,123,QELM-NISQ,DLinear,0.17622349911041024,0.2965276327074813,35.57991862279394,6.270017757772397,0.0,reject,0.0
ETTm2,3,123,QELM-NISQ,PatchTST,0.22680989311626717,0.2965276327074813,35.46120532637001,8.042952189847986,0.0,reject,0.0
ETTm2,3,123,QELM-NISQ,N-HiTS,0.19271355586046474,0.2965276327074813,35.81179811657736,6.901418956802717,0.0,reject,0.0
ETTm2,3,123,ClassicalELM,DLinear,0.6261667597985017,1.0,10.013335360998829,6.270017757772397,0.3154168994962542,attenuate,0.0
ETTm2,3,123,ClassicalELM,PatchTST,0.803224090663603,1.0,10.013335360998829,8.042952189847986,0.7580602266590075,attenuate,0.0
ETTm2,3,123,ClassicalELM,N-HiTS,0.6892227922060029,1.0,10.013335360998829,6.901418956802717,0.4730569805150073,attenuate,0.0
ETTm2,3,2024,QELM,DLinear,0.16498043858282804,0.2809398604287729,37.978628865971494,6.2657308470824296,0.0,reject,0.0
ETTm2,3,2024,QELM,PatchTST,0.21312089645751567,0.2809398604287729,37.978628865971494,8.094039430143127,0.0,reject,0.0
ETTm2,3,2024,QELM,N-HiTS,0.18178272463003164,0.2809398604287729,37.978628865971494,6.903858632969067,0.0,reject,0.0
ETTm2,3,2024,QELM-NISQ,DLinear,0.15913684924262067,0.2705590616713044,39.37322422118382,6.2657308470824296,0.0,reject,0.0
ETTm2,3,2024,QELM-NISQ,PatchTST,0.20463606346661645,0.2705590616713044,39.55333821921158,8.094039430143127,0.0,reject,0.0
ETTm2,3,2024,QELM-NISQ,N-HiTS,0.1746706761080409,0.2705590616713044,39.525000914857344,6.903858632969067,0.0,reject,0.0
ETTm2,3,2024,ClassicalELM,DLinear,0.5193161386134305,0.8843266623357717,12.0653497574943,6.2657308470824296,0.04829034653357628,attenuate,0.0
ETTm2,3,2024,ClassicalELM,PatchTST,0.6708499623158936,0.8843266623357717,12.0653497574943,8.094039430143127,0.4271249057897339,attenuate,0.0
ETTm2,3,2024,ClassicalELM,N-HiTS,0.5722054289127249,0.8843266623357717,12.0653497574943,6.903858632969067,0.18051357228181214,attenuate,0.0
ETTm2,4,42,QELM,DLinear,0.2180580881135094,0.3712050253348466,25.86962504479384,5.641080977481105,0.0,reject,0.0
ETTm2,4,42,QELM,PatchTST,0.22158567081609362,0.3712050253348466,25.86962504479384,5.732338219311458,0.0,reject,0.0
ETTm2,4,42,QELM,N-HiTS,0.2184084938578846,0.3712050253348466,25.86962504479384,5.650145842701633,0.0,reject,0.0
ETTm2,4,42,QELM-NISQ,DLinear,0.20162841708198295,0.34024851183554927,27.97760880693428,5.641080977481105,0.0,reject,0.0
ETTm2,4,42,QELM-NISQ,PatchTST,0.20291677620817283,0.34024851183554927,28.249700820353254,5.732338219311458,0.0,reject,0.0
ETTm2,4,42,QELM-NISQ,N-HiTS,0.20277879426489676,0.34024851183554927,27.863593247924424,5.650145842701633,0.0,reject,0.0
ETTm2,4,42,ClassicalELM,DLinear,0.6977307151416526,1.0,8.084897016947087,5.641080977481105,0.4943267878541316,attenuate,0.0
ETTm2,4,42,ClassicalELM,PatchTST,0.709018087341826,1.0,8.084897016947087,5.732338219311458,0.522545218354565,attenuate,0.0
ETTm2,4,42,ClassicalELM,N-HiTS,0.6988519248740125,1.0,8.084897016947087,5.650145842701633,0.4971298121850312,attenuate,0.0
ETTm2,4,123,QELM,DLinear,0.18006370119732065,0.306011155742291,31.380996038228062,5.650578293901801,0.0,reject,0.0
ETTm2,4,123,QELM,PatchTST,0.17736486962154435,0.306011155742291,31.380996038228062,5.56588627091452,0.0,reject,0.0
ETTm2,4,123,QELM,N-HiTS,0.1876946186198559,0.306011155742291,31.380996038228062,5.890044083306425,0.0,reject,0.0
ETTm2,4,123,QELM-NISQ,DLinear,0.1708892593473082,0.29257339073857574,33.065731079200255,5.650578293901801,0.0,reject,0.0
ETTm2,4,123,QELM-NISQ,PatchTST,0.16884829607330196,0.29257339073857574,32.96382848008254,5.56588627091452,0.0,reject,0.0
ETTm2,4,123,QELM-NISQ,N-HiTS,0.17881146967048514,0.29257339073857574,32.93996796827762,5.890044083306425,0.0,reject,0.0
ETTm2,4,123,ClassicalELM,DLinear,0.7867008719227678,1.0,7.182626199576058,5.650578293901801,0.7167521798069195,attenuate,0.0
ETTm2,4,123,ClassicalELM,PatchTST,0.774909638377539,1.0,7.182626199576058,5.56588627091452,0.6872740959438475,attenuate,0.0
ETTm2,4,123,ClassicalELM,N-HiTS,0.8200404586910112,1.0,7.182626199576058,5.890044083306425,0.8001011467275279,attenuate,0.0
ETTm2,4,2024,QELM,DLinear,0.185039110571025,0.3148611943672604,30.498951007371176,5.64349876775323,0.0,reject,0.0
ETTm2,4,2024,QELM,PatchTST,0.18243571296161118,0.3148611943672604,30.498951007371176,5.564097871611009,0.0,reject,0.0
ETTm2,4,2024,QELM,N-HiTS,0.1878397575108722,0.3148611943672604,30.498951007371176,5.728915561560573,0.0,reject,0.0
ETTm2,4,2024,QELM-NISQ,DLinear,0.17921460871030517,0.3042131526648576,31.49017152321421,5.64349876775323,0.0,reject,0.0
ETTm2,4,2024,QELM-NISQ,PatchTST,0.17710300404659415,0.3042131526648576,31.417298094769457,5.564097871611009,0.0,reject,0.0
ETTm2,4,2024,QELM-NISQ,N-HiTS,0.1807506909921248,0.3042131526648576,31.69512398605535,5.728915561560573,0.0,reject,0.0
ETTm2,4,2024,ClassicalELM,DLinear,0.7174833719585528,1.0,7.865685796101265,5.64349876775323,0.543708429896382,attenuate,0.0
ETTm2,4,2024,ClassicalELM,PatchTST,0.7073887790393217,1.0,7.865685796101265,5.564097871611009,0.5184719475983043,attenuate,0.0
ETTm2,4,2024,ClassicalELM,N-HiTS,0.7283427929958999,1.0,7.865685796101265,5.728915561560573,0.5708569824897497,attenuate,0.0
Energy,0,42,QELM,DLinear,0.351143792054481,1.0,5.601069558969345,1.966780804497415,0.0,reject,0.0
Energy,0,42,QELM,PatchTST,0.320742909085482,1.0,5.601069558969345,1.7965033443339655,0.0,reject,0.0
Energy,0,42,QELM,N-HiTS,0.3646350863963942,1.0,5.601069558969345,2.042346482547001,0.0,reject,0.0
Energy,0,42,QELM-NISQ,DLinear,0.3468654758927974,1.0,5.670154400449096,1.966780804497415,0.0,reject,0.0
Energy,0,42,QELM-NISQ,PatchTST,0.3168986601827387,1.0,5.669015272257752,1.7965033443339655,0.0,reject,0.0
Energy,0,42,QELM-NISQ,N-HiTS,0.3606740907797515,1.0,5.662581634659685,2.042346482547001,0.0,reject,0.0
Energy,0,42,ClassicalELM,DLinear,0.8003401835620594,1.0,2.457431033568626,1.966780804497415,0.7508504589051485,attenuate,0.0
Energy,0,42,ClassicalELM,PatchTST,0.7310493437226289,1.0,2.457431033568626,1.7965033443339655,0.5776233593065722,attenuate,0.0
Energy,0,42,ClassicalELM,N-HiTS,0.8310900508085272,1.0,2.457431033568626,2.042346482547001,0.8277251270213178,attenuate,0.0
Energy,0,123,QELM,DLinear,0.37208688218672425,1.0,5.289319143068262,1.9680862688348255,0.0,reject,0.0
Energy,0,123,QELM,PatchTST,0.35065414181189913,1.0,5.289319143068262,1.8547216648818512,0.0,reject,0.0
Energy,0,123,QELM,N-HiTS,0.39043153435011757,1.0,5.289319143068262,2.0651169886955905,0.0,reject,0.0
Energy,0,123,QELM-NISQ,DLinear,0.3600555599780231,1.0,5.466062706974871,1.9680862688348255,0.0,reject,0.0
Energy,0,123,QELM-NISQ,PatchTST,0.3394540653782939,1.0,5.463836948940101,1.8547216648818512,0.0,reject,0.0
Energy,0,123,QELM-NISQ,N-HiTS,0.37900647748372035,1.0,5.448764365206118,2.0651169886955905,0.0,reject,0.0
Energy,0,123,ClassicalELM,DLinear,0.7911243306700345,1.0,2.4877079272331004,1.9680862688348255,0.7278108266750862,attenuate,0.0
Energy,0,123,ClassicalELM,PatchTST,0.7455544296732316,1.0,2.4877079272331004,1.8547216648818512,0.613886074183079,attenuate,0.0
Energy,0,123,ClassicalELM,N-HiTS,0.8301283949327896,1.0,2.4877079272331004,2.0651169886955905,0.8253209873319739,attenuate,0.0
Energy,0,2024,QELM,DLinear,0.36538940882338505,1.0,5.376578970456834,1.9645450115074667,0.0,reject,0.0
Energy,0,2024,QELM,PatchTST,0.3446567840037446,1.0,5.376578970456834,1.8530744168998166,0.0,reject,0.0
Energy,0,2024,QELM,N-HiTS,0.38411982925279897,1.0,5.376578970456834,2.0652505960960688,0.0,reject,0.0
Energy,0,2024,QELM-NISQ,DLinear,0.3648687557546786,1.0,5.3842511328329214,1.9645450115074667,0.0,reject,0.0
Energy,0,2024,QELM-NISQ,PatchTST,0.34371427153011724,1.0,5.391322299916327,1.8530744168998166,0.0,reject,0.0
Energy,0,2024,QELM-NISQ,N-HiTS,0.38244314362587833,1.0,5.4001506642681045,2.0652505960960688,0.0,reject,0.0
Energy,0,2024,ClassicalELM,DLinear,0.7808740677083007,1.0,2.515828214494289,1.9645450115074667,0.7021851692707517,attenuate,0.0
Energy,0,2024,ClassicalELM,PatchTST,0.7365663546595952,1.0,2.515828214494289,1.8530744168998166,0.5914158866489879,attenuate,0.0
Energy,0,2024,ClassicalELM,N-HiTS,0.8209028677704088,1.0,2.515828214494289,2.0652505960960688,0.8022571694260219,attenuate,0.0
Energy,1,42,QELM,DLinear,0.35628150697333083,1.0,4.022929367743533,1.4332953375869348,0.0,reject,0.0
Energy,1,42,QELM,PatchTST,0.31489461995201656,1.0,4.022929367743533,1.2667988143494062,0.0,reject,0.0
Energy,1,42,QELM,N-HiTS,0.3504084125574477,1.0,4.022929367743533,1.409668293581748,0.0,reject,0.0
Energy,1,42,QELM-NISQ,DLinear,0.35174913921555445,1.0,4.074765728733173,1.4332953375869348,0.0,reject,0.0
Energy,1,42,QELM-NISQ,PatchTST,0.3103430606352806,1.0,4.08193053118776,1.2667988143494062,0.0,reject,0.0
Energy,1,42,QELM-NISQ,N-HiTS,0.345317275912719,1.0,4.082240860541394,1.409668293581748,0.0,reject,0.0
Energy,1,42,ClassicalELM,DLinear,0.7974236403099206,1.0,1.7974076326980741,1.4332953375869348,0.7435591007748016,attenuate,0.0
Energy,1,42,ClassicalELM,PatchTST,0.7047921636161213,1.0,1.7974076326980741,1.2667988143494062,0.5119804090403032,attenuate,0.0
Energy,1,42,ClassicalELM,N-HiTS,0.7842785731724674,1.0,1.7974076326980741,1.409668293581748,0.7106964329311685,attenuate,0.0
Energy,1,123,QELM,DLinear,0.34438055917269567,1.0,4.16686919396541,1.4349887430172874,0.0,reject,0.0
Energy,1,123,QELM,PatchTST,0.30718012994231764,1.0,4.16686919396541,1.279979420454935,0.0,reject,0.0
Energy,1,123,QELM,N-HiTS,0.3472557468384333,1.0,4.16686919396541,1.4469692739285192,0.0,reject,0.0
Energy,1,123,QELM-NISQ,DLinear,0.3367216497993581,1.0,4.261646804927311,1.4349887430172874,0.0,reject,0.0
Energy,1,123,QELM-NISQ,PatchTST,0.29993758339747506,1.0,4.267485941429073,1.279979420454935,0.0,reject,0.0
Energy,1,123,QELM-NISQ,N-HiTS,0.33875001085539275,1.0,4.27149587471514,1.4469692739285192,0.0,reject,0.0
Energy,1,123,ClassicalELM,DLinear,0.7578484283998353,1.0,1.893503620568568,1.4349887430172874,0.6446210709995883,attenuate,0.0
Energy,1,123,ClassicalELM,PatchTST,0.6759846701906975,1.0,1.893503620568568,1.279979420454935,0.4399616754767438,attenuate,0.0
Energy,1,123,ClassicalELM,N-HiTS,0.7641756045304172,1.0,1.893503620568568,1.4469692739285192,0.660439011326043,attenuate,0.0
Energy,1,2024,QELM,DLinear,0.35666626299338966,1.0,4.014925090304085,1.4319883281571555,0.0,reject,0.0
Energy,1,2024,QELM,PatchTST,0.31919164461110955,1.0,4.014925090304085,1.2815305425645684,0.0,reject,0.0
Energy,1,2024,QELM,N-HiTS,0.3615777042816376,1.0,4.014925090304085,1.4517073970148977,0.0,reject,0.0
Energy,1,2024,QELM-NISQ,DLinear,0.34562548946201505,1.0,4.14317916883423,1.4319883281571555,0.0,reject,0.0
Energy,1,2024,QELM-NISQ,PatchTST,0.3092616940315998,1.0,4.143838591382817,1.2815305425645684,0.0,reject,0.0
Energy,1,2024,QELM-NISQ,N-HiTS,0.350578696804354,1.0,4.140888794007487,1.4517073970148977,0.0,reject,0.0
Energy,1,2024,ClassicalELM,DLinear,0.7570203230198516,1.0,1.891611472786846,1.4319883281571555,0.6425508075496289,attenuate,0.0
Energy,1,2024,ClassicalELM,PatchTST,0.6774808468868787,1.0,1.891611472786846,1.2815305425645684,0.44370211721719677,attenuate,0.0
Energy,1,2024,ClassicalELM,N-HiTS,0.7674448045486567,1.0,1.891611472786846,1.4517073970148977,0.6686120113716417,attenuate,0.0
Energy,2,42,QELM,DLinear,0.34623854032218704,0.7954111295300302,3.8701787595830517,1.3400050445039684,0.0,reject,0.0
Energy,2,42,QELM,PatchTST,0.32975478848940715,0.7954111295300302,3.8701787595830517,1.2762099782825054,0.0,reject,0.0
Energy,2,42,QELM,N-HiTS,0.3523960245499657,0.7954111295300302,3.8701787595830517,1.363835609174785,0.0,reject,0.0
Energy,2,42,QELM-NISQ,DLinear,0.3484981027406928,0.7993545246849791,3.8450856230371695,1.3400050445039684,0.0,reject,0.0
Energy,2,42,QELM-NISQ,PatchTST,0.3306817479164832,0.7993545246849791,3.8593299640015943,1.2762099782825054,0.0,reject,0.0
Energy,2,42,QELM-NISQ,N-HiTS,0.35478442186447756,0.7993545246849791,3.8441248406778983,1.363835609174785,0.0,reject,0.0
Energy,2,42,ClassicalELM,DLinear,0.7762135509980281,1.0,1.7263355461664345,1.3400050445039684,0.6905338774950703,attenuate,0.0
Energy,2,42,ClassicalELM,PatchTST,0.7392595148240475,1.0,1.7263355461664345,1.2762099782825054,0.5981487870601188,attenuate,0.0
Energy,2,42,ClassicalELM,N-HiTS,0.7900176835281932,1.0,1.7263355461664345,1.363835609174785,0.725044208820483,attenuate,0.0
Energy,2,123,QELM,DLinear,0.3506596070073029,0.8045682007303019,3.826130764601767,1.341669510273807,0.0,reject,0.0
Energy,2,123,QELM,PatchTST,0.3359617039697999,0.8045682007303019,3.826130764601767,1.2854334112868828,0.0,reject,0.0
Energy,2,123,QELM,N-HiTS,0.3590456680149756,0.8045682007303019,3.826130764601767,1.3737556762890908,0.0,reject,0.0
Energy,2,123,QELM-NISQ,DLinear,0.3465812937839133,0.7915156581628987,3.871153851454868,1.341669510273807,0.0,reject,0.0
Energy,2,123,QELM-NISQ,PatchTST,0.3326735012421798,0.7915156581628987,3.863948906321554,1.2854334112868828,0.0,reject,0.0
Energy,2,123,QELM-NISQ,N-HiTS,0.35457331172050255,0.7915156581628987,3.8743910804318324,1.3737556762890908,0.0,reject,0.0
Energy,2,123,ClassicalELM,DLinear,0.77503883557055,1.0,1.7310997187465167,1.341669510273807,0.6875970889263749,attenuate,0.0
Energy,2,123,ClassicalELM,PatchTST,0.7425530703786728,1.0,1.7310997187465167,1.2854334112868828,0.6063826759466819,attenuate,0.0
Energy,2,123,ClassicalELM,N-HiTS,0.793573970010129,1.0,1.7310997187465167,1.3737556762890908,0.7339349250253224,attenuate,0.0
Energy,2,2024,QELM,DLinear,0.35031039121107577,0.8054627420459629,3.821881716768022,1.3388448793634637,0.0,reject,0.0
Energy,2,2024,QELM,PatchTST,0.34630664276762657,0.8054627420459629,3.821881716768022,1.3235430263889068,0.0,reject,0.0
Energy,2,2024,QELM,N-HiTS,0.3561772235359052,0.8054627420459629,3.821881716768022,1.361267218561073,0.0,reject,0.0
Energy,2,2024,QELM-NISQ,DLinear,0.3435551098800595,0.7896737432359335,3.8970309008964406,1.3388448793634637,0.0,reject,0.0
Energy,2,2024,QELM-NISQ,PatchTST,0.3409612887074685,0.7896737432359335,3.8817985214868633,1.3235430263889068,0.0,reject,0.0
Energy,2,2024,QELM-NISQ,N-HiTS,0.34914467027845186,0.7896737432359335,3.8988629483458173,1.361267218561073,0.0,reject,0.0
Energy,2,2024,ClassicalELM,DLinear,0.736203937791306,1.0,1.818578807633314,1.3388448793634637,0.5905098444782649,attenuate,0.0
Energy,2,2024,ClassicalELM,PatchTST,0.7277897558431117,1.0,1.818578807633314,1.3235430263889068,0.5694743896077792,attenuate,0.0
Energy,2,2024,ClassicalELM,N-HiTS,0.7485335322545723,1.0,1.818578807633314,1.361267218561073,0.6213338306364308,attenuate,0.0
Energy,3,42,QELM,DLinear,0.37352123528823167,0.7271260575546141,4.205458561335742,1.5708280767835956,0.0,reject,0.0
Energy,3,42,QELM,PatchTST,0.35861811990213566,0.7271260575546141,4.205458561335742,1.508153642592564,0.0,reject,0.0
Energy,3,42,QELM,N-HiTS,0.3860745217001388,0.7271260575546141,4.205458561335742,1.62362040259745,0.0,reject,0.0
Energy,3,42,QELM-NISQ,DLinear,0.3759941927305193,0.7314326321515611,4.177798772305592,1.5708280767835956,0.0,reject,0.0
Energy,3,42,QELM-NISQ,PatchTST,0.36080111000236864,0.7314326321515611,4.180013865762949,1.508153642592564,0.0,reject,0.0
Energy,3,42,QELM-NISQ,N-HiTS,0.388100308553442,0.7314326321515611,4.18350711610907,1.62362040259745,0.0,reject,0.0
Energy,3,42,ClassicalELM,DLinear,0.7552484211422905,1.0,2.0798826357131146,1.5708280767835956,0.6381210528557263,attenuate,0.0
Energy,3,42,ClassicalELM,PatchTST,0.7251147813325889,1.0,2.0798826357131146,1.508153642592564,0.5627869533314722,attenuate,0.0
Energy,3,42,ClassicalELM,N-HiTS,0.7806307792173912,1.0,2.0798826357131146,1.62362040259745,0.701576948043478,attenuate,0.0
Energy,3,123,QELM,DLinear,0.3752049506527028,0.7299044570698695,4.189450178218957,1.5719024473806007,0.0,reject,0.0
Energy,3,123,QELM,PatchTST,0.3616873139494669,0.7299044570698695,4.189450178218957,1.51527098188513,0.0,reject,0.0
Energy,3,123,QELM,N-HiTS,0.38797468497384685,0.7299044570698695,4.189450178218957,1.6254006131081262,0.0,reject,0.0
Energy,3,123,QELM-NISQ,DLinear,0.37867646735394767,0.7339197094330032,4.151043391643739,1.5719024473806007,0.0,reject,0.0
Energy,3,123,QELM-NISQ,PatchTST,0.36440348693911534,0.7339197094330032,4.1582230582176125,1.51527098188513,0.0,reject,0.0
Energy,3,123,QELM-NISQ,N-HiTS,0.3899291992066935,0.7339197094330032,4.168450622356533,1.6254006131081262,0.0,reject,0.0
Energy,3,123,ClassicalELM,DLinear,0.7673419578880344,1.0,2.048503188470195,1.5719024473806007,0.6683548947200859,attenuate,0.0
Energy,3,123,ClassicalELM,PatchTST,0.7396966675051756,1.0,2.048503188470195,1.51527098188513,0.5992416687629389,attenuate,0.0
Energy,3,123,ClassicalELM,N-HiTS,0.7934576925515853,1.0,2.048503188470195,1.6254006131081262,0.7336442313789632,attenuate,0.0
Energy,3,2024,QELM,DLinear,0.3640082576846603,0.7093041809027125,4.311124197549985,1.569284807812349,0.0,reject,0.0
Energy,3,2024,QELM,PatchTST,0.3582409665386398,0.7093041809027125,4.311124197549985,1.5444212993984243,0.0,reject,0.0
Energy,3,2024,QELM,N-HiTS,0.3749963713580629,0.7093041809027125,4.311124197549985,1.6166559305551849,0.0,reject,0.0
Energy,3,2024,QELM-NISQ,DLinear,0.3603613052568709,0.7024965970361248,4.354753923132062,1.569284807812349,0.0,reject,0.0
Energy,3,2024,QELM-NISQ,PatchTST,0.3550829414039863,0.7024965970361248,4.349466333955197,1.5444212993984243,0.0,reject,0.0
Energy,3,2024,QELM-NISQ,N-HiTS,0.37225088877199997,0.7024965970361248,4.342920270488248,1.6166559305551849,0.0,reject,0.0
Energy,3,2024,ClassicalELM,DLinear,0.7309179500501459,1.0,2.147005430232881,1.569284807812349,0.5772948751253648,attenuate,0.0
Energy,3,2024,ClassicalELM,PatchTST,0.7193373978709053,1.0,2.147005430232881,1.5444212993984243,0.5483434946772633,attenuate,0.0
Energy,3,2024,ClassicalELM,N-HiTS,0.7529817613827972,1.0,2.147005430232881,1.6166559305551849,0.6324544034569929,attenuate,0.0
Energy,4,42,QELM,DLinear,0.43413878864425237,0.981531657598872,3.3086518885754512,1.4364141229516643,0.0,reject,0.0
Energy,4,42,QELM,PatchTST,0.37664204955795055,0.981531657598872,3.3086518885754512,1.2461774285868417,0.0,reject,0.0
Energy,4,42,QELM,N-HiTS,0.4184608481330271,0.981531657598872,3.3086518885754512,1.3845412754702253,0.0,reject,0.0
Energy,4,42,QELM-NISQ,DLinear,0.43442798802637533,0.9822387146058846,3.306449313906671,1.4364141229516643,0.0,reject,0.0
Energy,4,42,QELM-NISQ,PatchTST,0.3770374872617679,0.9822387146058846,3.3051817675669244,1.2461774285868417,0.0,reject,0.0
Energy,4,42,QELM-NISQ,N-HiTS,0.41752781226670815,0.9822387146058846,3.316045625688305,1.3845412754702253,0.0,reject,0.0
Energy,4,42,ClassicalELM,DLinear,0.8001041130331127,1.0,1.7952840131097008,1.4364141229516643,0.7502602825827817,attenuate,0.0
Energy,4,42,ClassicalELM,PatchTST,0.6941394339206952,1.0,1.7952840131097008,1.2461774285868417,0.48534858480173804,attenuate,0.0
Energy,4,42,ClassicalELM,N-HiTS,0.7712101624923359,1.0,1.7952840131097008,1.3845412754702253,0.6780254062308396,attenuate,0.0
Energy,4,123,QELM,DLinear,0.4079138580262368,0.9189699314813415,3.5338986111673614,1.4415262163548386,0.0,reject,0.0
Energy,4,123,QELM,PatchTST,0.3598311519485284,0.9189699314813415,3.5338986111673614,1.2716068081256562,0.0,reject,0.0
Energy,4,123,QELM,N-HiTS,0.38711935647869894,0.9189699314813415,3.5338986111673614,1.368040556216077,0.0,reject,0.0
Energy,4,123,QELM-NISQ,DLinear,0.4162796309652853,0.9341528796492765,3.46287953847795,1.4415262163548386,0.0,reject,0.0
Energy,4,123,QELM-NISQ,PatchTST,0.3677324082438465,0.9341528796492765,3.457967749425128,1.2716068081256562,0.0,reject,0.0
Energy,4,123,QELM-NISQ,N-HiTS,0.394726040979731,0.9341528796492765,3.4657975765179505,1.368040556216077,0.0,reject,0.0
Energy,4,123,ClassicalELM,DLinear,0.7817741733364437,1.0,1.8439163962179963,1.4415262163548386,0.7044354333411093,attenuate,0.0
Energy,4,123,ClassicalELM,PatchTST,0.6896228108464202,1.0,1.8439163962179963,1.2716068081256562,0.47405702711605047,attenuate,0.0
Energy,4,123,ClassicalELM,N-HiTS,0.7419211407968526,1.0,1.8439163962179963,1.368040556216077,0.6048028519921314,attenuate,0.0
Energy,4,2024,QELM,DLinear,0.4326079212417135,0.976833004583312,3.324566924369355,1.4382339861803837,0.0,reject,0.0
Energy,4,2024,QELM,PatchTST,0.38585775760890284,0.976833004583312,3.324566924369355,1.2828099384578864,0.0,reject,0.0
Energy,4,2024,QELM,N-HiTS,0.4110785677356773,0.976833004583312,3.324566924369355,1.3666582096111604,0.0,reject,0.0
Energy,4,2024,QELM-NISQ,DLinear,0.4214280245809551,0.9488299911372238,3.4127630396922104,1.4382339861803837,0.0,reject,0.0
Energy,4,2024,QELM-NISQ,PatchTST,0.3750544446290507,0.9488299911372238,3.4203299196378154,1.2828099384578864,0.0,reject,0.0
Energy,4,2024,QELM-NISQ,N-HiTS,0.3996637136282049,0.9488299911372238,3.4195203692735565,1.3666582096111604,0.0,reject,0.0
Energy,4,2024,ClassicalELM,DLinear,0.7908563939576824,1.0,1.8185779329456133,1.4382339861803837,0.7271409848942059,attenuate,0.0
Energy,4,2024,ClassicalELM,PatchTST,0.7053917872961732,1.0,1.8185779329456133,1.2828099384578864,0.5134794682404331,attenuate,0.0
Energy,4,2024,ClassicalELM,N-HiTS,0.7514982915236066,1.0,1.8185779329456133,1.3666582096111604,0.6287457288090165,attenuate,0.0
ExchangeRate,0,42,QELM,DLinear,0.27155702721020075,0.2656337210572395,10.71174458807935,2.9088495165737847,0.0,reject,0.0
ExchangeRate,0,42,QELM,PatchTST,0.2878158511545537,0.2656337210572395,10.71174458807935,3.0830098859682424,0.0,reject,0.0
ExchangeRate,0,42,QELM,N-HiTS,0.3337120487979521,0.2656337210572395,10.71174458807935,3.574638232688335,0.0,reject,0.0
ExchangeRate,0,42,QELM-NISQ,DLinear,0.30244147660754833,0.28786276726703136,9.617892192572326,2.9088495165737847,0.0,reject,0.0
ExchangeRate,0,42,QELM-NISQ,PatchTST,0.3158582073437576,0.28786276726703136,9.76074014949662,3.0830098859682424,0.0,reject,0.0
ExchangeRate,0,42,QELM-NISQ,N-HiTS,0.36366392823075105,0.28786276726703136,9.82951003713562,3.574638232688335,0.0,reject,0.0
ExchangeRate,0,42,ClassicalELM,DLinear,0.6561903763754154,0.6418764090930954,4.432935351233485,2.9088495165737847,0.3904759409385386,attenuate,0.0
ExchangeRate,0,42,ClassicalELM,PatchTST,0.6954781971071112,0.6418764090930954,4.432935351233485,3.0830098859682424,0.4886954927677781,attenuate,0.0
ExchangeRate,0,42,ClassicalELM,N-HiTS,0.8063817650067185,0.6418764090930954,4.432935351233485,3.574638232688335,0.7659544125167963,attenuate,0.0
ExchangeRate,0,123,QELM,DLinear,0.28859079849731356,0.2831497168356046,10.04909637194794,2.9000767461569126,0.0,reject,0.0
ExchangeRate,0,123,QELM,PatchTST,0.3140441482452321,0.2831497168356046,10.04909637194794,3.1558599107626426,0.0,reject,0.0
ExchangeRate,0,123,QELM,N-HiTS,0.35658911235618035,0.2831497168356046,10.04909637194794,3.583398355254628,0.0,reject,0.0
ExchangeRate,0,123,QELM-NISQ,DLinear,0.2956084529699547,0.28108665627572404,9.810533890421846,2.9000767461569126,0.0,reject,0.0
ExchangeRate,0,123,QELM-NISQ,PatchTST,0.3096128642888719,0.28108665627572404,10.192922435607176,3.1558599107626426,0.0,reject,0.0
ExchangeRate,0,123,QELM-NISQ,N-HiTS,0.357171933770677,0.28108665627572404,10.032698586992998,3.583398355254628,0.0,reject,0.0
ExchangeRate,0,123,ClassicalELM,DLinear,0.7451970747166953,0.731147552845981,3.8916909963172452,2.9000767461569126,0.6129926867917381,attenuate,0.0
ExchangeRate,0,123,ClassicalELM,PatchTST,0.8109225305269795,0.731147552845981,3.8916909963172452,3.1558599107626426,0.7773063263174487,attenuate,0.0
ExchangeRate,0,123,ClassicalELM,N-HiTS,0.9207818294529657,0.731147552845981,3.8916909963172452,3.583398355254628,1.0,accept,0.0
ExchangeRate,0,2024,QELM,DLinear,0.3824748791723287,0.3744254512395854,7.599371115369684,2.9065685491367046,0.0,reject,0.0
ExchangeRate,0,2024,QELM,PatchTST,0.3980403102028509,0.3744254512395854,7.599371115369684,3.024856036108334,0.0,reject,0.0
ExchangeRate,0,2024,QELM,N-HiTS,0.46370897453510057,0.3744254512395854,7.599371115369684,3.52389658701974,0.0,reject,0.0
ExchangeRate,0,2024,QELM-NISQ,DLinear,0.2965150716188442,0.28121601617513275,9.80243106452598,2.9065685491367046,0.0,reject,0.0
ExchangeRate,0,2024,QELM-NISQ,PatchTST,0.3002301783660748,0.28121601617513275,10.075123202372032,3.024856036108334,0.0,reject,0.0
ExchangeRate,0,2024,QELM-NISQ,N-HiTS,0.35661750927877256,0.28121601617513275,9.881445793692267,3.52389658701974,0.0,reject,0.0
ExchangeRate,0,2024,ClassicalELM,DLinear,0.7568062570412022,0.7408785941850585,3.840571509675646,2.9065685491367046,0.6420156426030055,attenuate,0.0
ExchangeRate,0,2024,ClassicalELM,PatchTST,0.7876057062048551,0.7408785941850585,3.840571509675646,3.024856036108334,0.7190142655121379,attenuate,0.0
ExchangeRate,0,2024,ClassicalELM,N-HiTS,0.9175448440790391,0.7408785941850585,3.840571509675646,3.52389658701974,1.0,accept,0.0
ExchangeRate,1,42,QELM,DLinear,0.22838821844416232,0.22229307830124517,23.7694119878618,5.428653657373072,0.0,reject,0.0
ExchangeRate,1,42,QELM,PatchTST,0.2513752108880559,0.22229307830124517,23.7694119878618,5.9750409511338445,0.0,reject,0.0
ExchangeRate,1,42,QELM,N-HiTS,0.24488521670619767,0.22229307830124517,23.7694119878618,5.82077760562643,0.0,reject,0.0
ExchangeRate,1,42,QELM-NISQ,DLinear,0.2192679349199519,0.2142910664970632,24.758082659714518,5.428653657373072,0.0,reject,0.0
ExchangeRate,1,42,QELM-NISQ,PatchTST,0.24294572090361657,0.2142910664970632,24.59413950124403,5.9750409511338445,0.0,reject,0.0
ExchangeRate,1,42,QELM-NISQ,N-HiTS,0.2351933646665629,0.2142910664970632,24.74890230801635,5.82077760562643,0.0,reject,0.0
ExchangeRate,1,42,ClassicalELM,DLinear,0.6006736547279642,0.58464299869813,9.037609048846374,5.428653657373072,0.2516841368199105,attenuate,0.0
ExchangeRate,1,42,ClassicalELM,PatchTST,0.6611307170779358,0.58464299869813,9.037609048846374,5.9750409511338445,0.4028267926948395,attenuate,0.0
ExchangeRate,1,42,ClassicalELM,N-HiTS,0.6440616731888217,0.58464299869813,9.037609048846374,5.82077760562643,0.3601541829720542,attenuate,0.0
ExchangeRate,1,123,QELM,DLinear,0.23159075275286817,0.22513528272849126,23.46933660022888,5.435281329857446,0.0,reject,0.0
ExchangeRate,1,123,QELM,PatchTST,0.25657646825668445,0.22513528272849126,23.46933660022888,6.021679497214068,0.0,reject,0.0
ExchangeRate,1,123,QELM,N-HiTS,0.2566216667289013,0.22513528272849126,23.46933660022888,6.022740275372341,0.0,reject,0.0
ExchangeRate,1,123,QELM-NISQ,DLinear,0.23154276155855302,0.22527502681313316,23.47420102132176,5.435281329857446,0.0,reject,0.0
ExchangeRate,1,123,QELM-NISQ,PatchTST,0.25624187035950297,0.22527502681313316,23.499982609265825,6.021679497214068,0.0,reject,0.0
ExchangeRate,1,123,QELM-NISQ,N-HiTS,0.25577087114948616,0.22527502681313316,23.547404942184873,6.022740275372341,0.0,reject,0.0
ExchangeRate,1,123,ClassicalELM,DLinear,0.6717379295559139,0.6530136032072325,8.091371784604618,5.435281329857446,0.42934482388978484,attenuate,0.0
ExchangeRate,1,123,ClassicalELM,PatchTST,0.7442099630956848,0.6530136032072325,8.091371784604618,6.021679497214068,0.6105249077392119,attenuate,0.0
ExchangeRate,1,123,ClassicalELM,N-HiTS,0.7443410630113123,0.6530136032072325,8.091371784604618,6.022740275372341,0.6108526575282808,attenuate,0.0
ExchangeRate,1,2024,QELM,DLinear,0.34300164412937023,0.33294578826614224,15.869777002104547,5.443359603688328,0.0,reject,0.0
ExchangeRate,1,2024,QELM,PatchTST,0.3703758205074001,0.33294578826614224,15.869777002104547,5.87778167842394,0.0,reject,0.0
ExchangeRate,1,2024,QELM,N-HiTS,0.36817289884655435,0.33294578826614224,15.869777002104547,5.842821802913212,0.0,reject,0.0
ExchangeRate,1,2024,QELM-NISQ,DLinear,0.3085942091793951,0.2990423040283364,17.63921500070644,5.443359603688328,0.0,reject,0.0
ExchangeRate,1,2024,QELM-NISQ,PatchTST,0.3302862577876694,0.2990423040283364,17.796022510275254,5.87778167842394,0.0,reject,0.0
ExchangeRate,1,2024,QELM-NISQ,N-HiTS,0.3276413805732594,0.2990423040283364,17.83297882791938,5.842821802913212,0.0,reject,0.0
ExchangeRate,1,2024,ClassicalELM,DLinear,0.797430751458258,0.7740522786369235,6.826122009634166,5.443359603688328,0.743576878645645,attenuate,0.0
ExchangeRate,1,2024,ClassicalELM,PatchTST,0.8610718750892864,0.7740522786369235,6.826122009634166,5.87778167842394,0.9026796877232159,attenuate,0.0
ExchangeRate,1,2024,ClassicalELM,N-HiTS,0.8559503909638363,0.7740522786369235,6.826122009634166,5.842821802913212,0.8898759774095907,attenuate,0.0
ExchangeRate,2,42,QELM,DLinear,0.0941555319527327,0.092475394768683,40.99058105762576,3.859489964532362,0.0,reject,0.0
ExchangeRate,2,42,QELM,PatchTST,0.4450167806269805,0.092475394768683,40.99058105762576,18.241496418293906,0.0,reject,0.0
ExchangeRate,2,42,QELM,N-HiTS,0.1089916850166952,0.092475394768683,40.99058105762576,4.4676324992840595,0.0,reject,0.0
ExchangeRate,2,42,QELM-NISQ,DLinear,0.09366816784927903,0.09205260628221923,41.20385882579285,3.859489964532362,0.0,reject,0.0
ExchangeRate,2,42,QELM-NISQ,PatchTST,0.4449678225286344,0.09205260628221923,40.99509109362629,18.241496418293906,0.0,reject,0.0
ExchangeRate,2,42,QELM-NISQ,N-HiTS,0.10894951842796369,0.09205260628221923,41.00644558826584,4.4676324992840595,0.0,reject,0.0
ExchangeRate,2,42,ClassicalELM,DLinear,0.14765130690680678,0.14501657829757872,26.139219796871558,3.859489964532362,0.0,reject,0.0
ExchangeRate,2,42,ClassicalELM,PatchTST,0.697859253644484,0.14501657829757872,26.139219796871558,18.241496418293906,0.49464813411120995,attenuate,0.0
ExchangeRate,2,42,ClassicalELM,N-HiTS,0.17091682666897207,0.14501657829757872,26.139219796871558,4.4676324992840595,0.0,reject,0.0
ExchangeRate,2,123,QELM,DLinear,0.16347581416383603,0.16025732105607363,23.65333761222305,3.866748623850248,0.0,reject,0.0
ExchangeRate,2,123,QELM,PatchTST,0.8094982077857078,0.16025732105607363,23.65333761222305,19.147334405244834,0.7737455194642695,attenuate,0.0
ExchangeRate,2,123,QELM,N-HiTS,0.18696940151791072,0.16025732105607363,23.65333761222305,4.422450377258431,0.0,reject,0.0
ExchangeRate,2,123,QELM-NISQ,DLinear,0.16262046584087242,0.15967950133365824,23.77774902965746,3.866748623850248,0.0,reject,0.0
ExchangeRate,2,123,QELM-NISQ,PatchTST,0.8063092948276478,0.15967950133365824,23.746885380178657,19.147334405244834,0.7657732370691195,attenuate,0.0
ExchangeRate,2,123,QELM-NISQ,N-HiTS,0.1883972229239788,0.15967950133365824,23.47407413241414,4.422450377258431,0.0,reject,0.0
ExchangeRate,2,123,ClassicalELM,DLinear,0.20019448325482025,0.19625306699519693,19.31496093690257,3.866748623850248,0.0,reject,0.0
ExchangeRate,2,123,ClassicalELM,PatchTST,0.9913214149277687,0.19625306699519693,19.31496093690257,19.147334405244834,1.0,accept,0.0
ExchangeRate,2,123,ClassicalELM,N-HiTS,0.22896501793120552,0.19625306699519693,19.31496093690257,4.422450377258431,0.0,reject,0.0
ExchangeRate,2,2024,QELM,DLinear,0.19444969388041577,0.19202256709115284,19.740494327383328,3.8385330790077723,0.0,reject,0.0
ExchangeRate,2,2024,QELM,PatchTST,0.9966911954657187,0.19202256709115284,19.740494327383328,19.675176890243925,1.0,accept,0.0
ExchangeRate,2,2024,QELM,N-HiTS,0.23285266732816673,0.19202256709115284,19.740494327383328,4.596626758507752,0.0,reject,0.0
ExchangeRate,2,2024,QELM-NISQ,DLinear,0.13843415305537438,0.13749670368239733,27.728223088650235,3.8385330790077723,0.0,reject,0.0
ExchangeRate,2,2024,QELM-NISQ,PatchTST,0.7168658663576123,0.13749670368239733,27.446106466490427,19.675176890243925,0.5421646658940307,attenuate,0.0
ExchangeRate,2,2024,QELM-NISQ,N-HiTS,0.1659182220894938,0.13749670368239733,27.704170769310682,4.596626758507752,0.0,reject,0.0
ExchangeRate,2,2024,ClassicalELM,DLinear,0.20381172816715631,0.20126775449738477,18.833720284534348,3.8385330790077723,0.0,reject,0.0
ExchangeRate,2,2024,ClassicalELM,PatchTST,1.0,0.20126775449738477,18.833720284534348,19.675176890243925,1.0,accept,1.0
ExchangeRate,2,2024,ClassicalELM,N-HiTS,0.2440636628909879,0.20126775449738477,18.833720284534348,4.596626758507752,0.0,reject,0.0
ExchangeRate,3,42,QELM,DLinear,0.16948958892815533,0.16229265458309847,27.88378867101253,4.726011879609468,0.0,reject,0.0
ExchangeRate,3,42,QELM,PatchTST,0.2188986580763111,0.16229265458309847,27.88378867101253,6.103723922168088,0.0,reject,0.0
ExchangeRate,3,42,QELM,N-HiTS,0.19594897061342845,0.16229265458309847,27.88378867101253,5.463799686887283,0.0,reject,0.0
ExchangeRate,3,42,QELM-NISQ,DLinear,0.1175971685027158,0.11134843356527321,40.18814347133132,4.726011879609468,0.0,reject,0.0
ExchangeRate,3,42,QELM-NISQ,PatchTST,0.15005313276381643,0.11134843356527321,40.67708424172221,6.103723922168088,0.0,reject,0.0
ExchangeRate,3,42,QELM-NISQ,N-HiTS,0.13587619210040186,0.11134843356527321,40.21160442036794,5.463799686887283,0.0,reject,0.0
ExchangeRate,3,42,ClassicalELM,DLinear,0.5516325094034183,0.5282088903281206,8.567319363973985,4.726011879609468,0.12908127350854587,attenuate,0.0
ExchangeRate,3,42,ClassicalELM,PatchTST,0.7124426746403967,0.5282088903281206,8.567319363973985,6.103723922168088,0.5311066866009917,attenuate,0.0
ExchangeRate,3,42,ClassicalELM,N-HiTS,0.6377490384988844,0.5282088903281206,8.567319363973985,5.463799686887283,0.34437259624721106,attenuate,0.0
ExchangeRate,3,123,QELM,DLinear,0.1726726699562859,0.1654442245987172,27.352621368982174,4.723050162085512,0.0,reject,0.0
ExchangeRate,3,123,QELM,PatchTST,0.24862745734823669,0.1654442245987172,27.352621368982174,6.800612702779082,0.0,reject,0.0
ExchangeRate,3,123,QELM,N-HiTS,0.18673671607159978,0.1654442245987172,27.352621368982174,5.107738690393597,0.0,reject,0.0
ExchangeRate,3,123,QELM-NISQ,DLinear,0.18049632528591192,0.17293006073776743,26.16701561432927,4.723050162085512,0.0,reject,0.0
ExchangeRate,3,123,QELM-NISQ,PatchTST,0.2580150901355744,0.17293006073776743,26.35742234768397,6.800612702779082,0.0,reject,0.0
ExchangeRate,3,123,QELM-NISQ,N-HiTS,0.19531306641174626,0.17293006073776743,26.15154625459515,5.107738690393597,0.0,reject,0.0
ExchangeRate,3,123,ClassicalELM,DLinear,0.5887270124105909,0.5640816872366688,8.02247911599401,4.723050162085512,0.22181753102647722,attenuate,0.0
ExchangeRate,3,123,ClassicalELM,PatchTST,0.8476946595250147,0.5640816872366688,8.02247911599401,6.800612702779082,0.8692366488125366,attenuate,0.0
ExchangeRate,3,123,ClassicalELM,N-HiTS,0.6366783405157836,0.5640816872366688,8.02247911599401,5.107738690393597,0.3416958512894591,attenuate,0.0
ExchangeRate,3,2024,QELM,DLinear,0.2769370063210254,0.2625138871569839,17.238452799375008,4.773965511865215,0.0,reject,0.0
ExchangeRate,3,2024,QELM,PatchTST,0.4536279306393094,0.2625138871569839,17.238452799375008,7.819843670803895,0.0,reject,0.0
ExchangeRate,3,2024,QELM,N-HiTS,0.29719826682923184,0.2625138871569839,17.238452799375008,5.123238294791772,0.0,reject,0.0
ExchangeRate,3,2024,QELM-NISQ,DLinear,0.23792662840485013,0.22473897768720022,20.064864298173266,4.773965511865215,0.0,reject,0.0
ExchangeRate,3,2024,QELM-NISQ,PatchTST,0.3869558147036132,0.22473897768720022,20.208621691842165,7.819843670803895,0.0,reject,0.0
ExchangeRate,3,2024,QELM-NISQ,N-HiTS,0.2557028188571611,0.22473897768720022,20.035908550752737,5.123238294791772,0.0,reject,0.0
ExchangeRate,3,2024,ClassicalELM,DLinear,0.5850659238493734,0.5545951831220648,8.15970528663755,4.773965511865215,0.21266480962343348,attenuate,0.0
ExchangeRate,3,2024,ClassicalELM,PatchTST,0.9583487878673489,0.5545951831220648,8.15970528663755,7.819843670803895,1.0,accept,0.0
ExchangeRate,3,2024,ClassicalELM,N-HiTS,0.6278705069387323,0.5545951831220648,8.15970528663755,5.123238294791772,0.31967626734683063,attenuate,0.0
ExchangeRate,4,42,QELM,DLinear,0.42781986664138877,0.41305231384194496,7.7223246082550165,3.303763884065176,0.0,reject,0.0
ExchangeRate,4,42,QELM,PatchTST,0.4948350727916391,0.41305231384194496,7.7223246082550165,3.8212770596465373,0.0,reject,0.0
ExchangeRate,4,42,QELM,N-HiTS,0.44665807895197723,0.41305231384194496,7.7223246082550165,3.4492386745667654,0.0,reject,0.0
ExchangeRate,4,42,QELM-NISQ,DLinear,0.3427442343707188,0.32763673832088264,9.639152326313857,3.303763884065176,0.0,reject,0.0
ExchangeRate,4,42,QELM-NISQ,PatchTST,0.39154329195517795,0.32763673832088264,9.759526310781439,3.8212770596465373,0.0,reject,0.0
ExchangeRate,4,42,QELM-NISQ,N-HiTS,0.3535912932109091,0.32763673832088264,9.754874457582794,3.4492386745667654,0.0,reject,0.0
ExchangeRate,4,42,ClassicalELM,DLinear,0.6787544271853568,0.6553248688414919,4.867392022421346,3.303763884065176,0.4468860679633921,attenuate,0.0
ExchangeRate,4,42,ClassicalELM,PatchTST,0.7850769040266443,0.6553248688414919,4.867392022421346,3.8212770596465373,0.7126922600666108,attenuate,0.0
ExchangeRate,4,42,ClassicalELM,N-HiTS,0.7086420528032377,0.6553248688414919,4.867392022421346,3.4492386745667654,0.5216051320080941,attenuate,0.0
ExchangeRate,4,123,QELM,DLinear,0.3963381986046698,0.378425738911059,8.428930156698833,3.340706994470592,0.0,reject,0.0
ExchangeRate,4,123,QELM,PatchTST,0.45032081506425625,0.378425738911059,8.428930156698833,3.7957226982843073,0.0,reject,0.0
ExchangeRate,4,123,QELM,N-HiTS,0.41091039456177214,0.378425738911059,8.428930156698833,3.4635350164227368,0.0,reject,0.0
ExchangeRate,4,123,QELM-NISQ,DLinear,0.2929751844787354,0.2785323365750766,11.40269610347516,3.340706994470592,0.0,reject,0.0
ExchangeRate,4,123,QELM-NISQ,PatchTST,0.3263459703497742,0.2785323365750766,11.630977683640744,3.7957226982843073,0.0,reject,0.0
ExchangeRate,4,123,QELM-NISQ,N-HiTS,0.3017618021116996,0.2785323365750766,11.477711864739861,3.4635350164227368,0.0,reject,0.0
ExchangeRate,4,123,ClassicalELM,DLinear,0.7604768465412933,0.7261069579643665,4.392910855424964,3.340706994470592,0.6511921163532333,attenuate,0.0
ExchangeRate,4,123,ClassicalELM,PatchTST,0.8640563906724472,0.7261069579643665,4.392910855424964,3.7957226982843073,0.910140976681118,attenuate,0.0
ExchangeRate,4,123,ClassicalELM,N-HiTS,0.7884373551868216,0.7261069579643665,4.392910855424964,3.4635350164227368,0.7210933879670539,attenuate,0.0
ExchangeRate,4,2024,QELM,DLinear,0.4630757863363285,0.4426510269689368,7.205956038375259,3.336903758775638,0.0,reject,0.0
ExchangeRate,4,2024,QELM,PatchTST,0.5911314241510721,0.4426510269689368,7.205956038375259,4.259667055334785,0.2278285603776803,attenuate,0.0
ExchangeRate,4,2024,QELM,N-HiTS,0.4920143841292162,0.4426510269689368,7.205956038375259,3.54543402228341,0.0,reject,0.0
ExchangeRate,4,2024,QELM-NISQ,DLinear,0.3184443132918243,0.30319718711412225,10.478766991570293,3.336903758775638,0.0,reject,0.0
ExchangeRate,4,2024,QELM-NISQ,PatchTST,0.4042206197197666,0.30319718711412225,10.537975668554163,4.259667055334785,0.0,reject,0.0
ExchangeRate,4,2024,QELM-NISQ,N-HiTS,0.33792153672015934,0.30319718711412225,10.491885355089002,3.54543402228341,0.0,reject,0.0
ExchangeRate,4,2024,ClassicalELM,DLinear,0.7790339198609055,0.744673217932995,4.283386992149755,3.336903758775638,0.6975847996522638,attenuate,0.0
ExchangeRate,4,2024,ClassicalELM,PatchTST,0.9944623409329013,0.744673217932995,4.283386992149755,4.259667055334785,1.0,accept,0.0
ExchangeRate,4,2024,ClassicalELM,N-HiTS,0.8277174181976072,0.744673217932995,4.283386992149755,3.54543402228341,0.8192935454940181,attenuate,0.0
Jena,0,42,QELM,DLinear,0.20982914773665232,0.18698344986875354,33.73397918278812,7.078372101690402,0.0,reject,0.0
Jena,0,42,QELM,PatchTST,0.2542990245618749,0.18698344986875354,33.73397918278812,8.578518000773613,0.0,reject,0.0
Jena,0,42,QELM,N-HiTS,0.21472556910581264,0.18698344986875354,33.73397918278812,7.243547878227815,0.0,reject,0.0
Jena,0,42,QELM-NISQ,DLinear,0.20533337484053463,0.18309837669188,34.47258443585991,7.078372101690402,0.0,reject,0.0
Jena,0,42,QELM-NISQ,PatchTST,0.24933061058781972,0.18309837669188,34.40619657790502,8.578518000773613,0.0,reject,0.0
Jena,0,42,QELM-NISQ,N-HiTS,0.20982914896765928,0.18309837669188,34.52117074231786,7.243547878227815,0.0,reject,0.0
Jena,0,42,ClassicalELM,DLinear,0.5251005898126896,0.4679288739495574,13.480030757945542,7.078372101690402,0.06275147453172397,attenuate,0.0
Jena,0,42,ClassicalELM,PatchTST,0.636387123650825,0.4679288739495574,13.480030757945542,8.578518000773613,0.34096780912706237,attenuate,0.0
Jena,0,42,ClassicalELM,N-HiTS,0.5373539577391726,0.4679288739495574,13.480030757945542,7.243547878227815,0.09338489434793151,attenuate,0.0
Jena,0,123,QELM,DLinear,0.17892546157703554,0.16088337513861345,39.20663360702751,7.015065015019112,0.0,reject,0.0
Jena,0,123,QELM,PatchTST,0.22591440837352916,0.16088337513861345,39.20663360702751,8.857343435649346,0.0,reject,0.0
Jena,0,123,QELM,N-HiTS,0.18890027688282562,0.16088337513861345,39.20663360702751,7.406143944010993,0.0,reject,0.0
Jena,0,123,QELM-NISQ,DLinear,0.17827753859116258,0.160161203551802,39.349124238844844,7.015065015019112,0.0,reject,0.0
Jena,0,123,QELM-NISQ,PatchTST,0.22600951378681775,0.160161203551802,39.1901353498065,8.857343435649346,0.0,reject,0.0
Jena,0,123,QELM-NISQ,N-HiTS,0.18768669383528197,0.160161203551802,39.46014388484455,7.406143944010993,0.0,reject,0.0
Jena,0,123,ClassicalELM,DLinear,0.58558806573433,0.5265398548004726,11.979521826870208,7.015065015019112,0.21397016433582494,attenuate,0.0
Jena,0,123,ClassicalELM,PatchTST,0.7393737048654331,0.5265398548004726,11.979521826870208,8.857343435649346,0.5984342621635826,attenuate,0.0
Jena,0,123,ClassicalELM,N-HiTS,0.6182336867068371,0.5265398548004726,11.979521826870208,7.406143944010993,0.29558421676709273,attenuate,0.0
Jena,0,2024,QELM,DLinear,0.23017042401260787,0.2075450158132629,30.391941765481505,6.995326122727364,0.0,reject,0.0
Jena,0,2024,QELM,PatchTST,0.27347282892971364,0.2075450158132629,30.391941765481505,8.311370291273343,0.0,reject,0.0
Jena,0,2024,QELM,N-HiTS,0.24650004677368365,0.2075450158132629,30.391941765481505,7.491615066734261,0.0,reject,0.0
Jena,0,2024,QELM-NISQ,DLinear,0.21714430973343496,0.1951314927780203,32.21510216553583,6.995326122727364,0.0,reject,0.0
Jena,0,2024,QELM-NISQ,PatchTST,0.2565909235409176,0.1951314927780203,32.391521011646226,8.311370291273343,0.0,reject,0.0
Jena,0,2024,QELM-NISQ,N-HiTS,0.23217377577717285,0.1951314927780203,32.267274982529834,7.491615066734261,0.0,reject,0.0
Jena,0,2024,ClassicalELM,DLinear,0.6582013577839402,0.5935011387770044,10.627942406985486,6.995326122727364,0.39550339445985044,attenuate,0.0
Jena,0,2024,ClassicalELM,PatchTST,0.7820300461743642,0.5935011387770044,10.627942406985486,8.311370291273343,0.7050751154359105,attenuate,0.0
Jena,0,2024,ClassicalELM,N-HiTS,0.7048979736482394,0.5935011387770044,10.627942406985486,7.491615066734261,0.5122449341205983,attenuate,0.0
Jena,1,42,QELM,DLinear,0.2729988285536105,0.275877723087044,22.539613863276383,6.153288180725172,0.0,reject,0.0
Jena,1,42,QELM,PatchTST,0.31383464865456445,0.275877723087044,22.539613863276383,7.073711797590893,0.0,reject,0.0
Jena,1,42,QELM,N-HiTS,0.3156532072220415,0.275877723087044,22.539613863276383,7.11470140548958,0.0,reject,0.0
Jena,1,42,QELM-NISQ,DLinear,0.26313720176228433,0.26626045045174235,23.384333874174107,6.153288180725172,0.0,reject,0.0
Jena,1,42,QELM-NISQ,PatchTST,0.3031022809830161,0.26626045045174235,23.337705591160688,7.073711797590893,0.0,reject,0.0
Jena,1,42,QELM-NISQ,N-HiTS,0.3030762718962996,0.26626045045174235,23.474953552035053,7.11470140548958,0.0,reject,0.0
Jena,1,42,ClassicalELM,DLinear,0.6632098365700176,0.6702037439933942,9.278041189118499,6.153288180725172,0.4080245914250441,attenuate,0.0
Jena,1,42,ClassicalELM,PatchTST,0.7624143559404658,0.6702037439933942,9.278041189118499,7.073711797590893,0.6560358898511645,attenuate,0.0
Jena,1,42,ClassicalELM,N-HiTS,0.7668322720784928,0.6702037439933942,9.278041189118499,7.11470140548958,0.667080680196232,attenuate,0.0
Jena,1,123,QELM,DLinear,0.17944752459124222,0.18019804355942284,34.507463897932496,6.192278976405645,0.0,reject,0.0
Jena,1,123,QELM,PatchTST,0.2068229865395497,0.18019804355942284,34.507463897932496,7.136936741276089,0.0,reject,0.0
Jena,1,123,QELM,N-HiTS,0.20882933772178386,0.18019804355942284,34.507463897932496,7.206170832263608,0.0,reject,0.0
Jena,1,123,QELM-NISQ,DLinear,0.17776771229650218,0.17839876037096633,34.833541459302936,6.192278976405645,0.0,reject,0.0
Jena,1,123,QELM-NISQ,PatchTST,0.20430743748478375,0.17839876037096633,34.932339366292666,7.136936741276089,0.0,reject,0.0
Jena,1,123,QELM-NISQ,N-HiTS,0.20587015153520494,0.17839876037096633,35.0034756302752,7.206170832263608,0.0,reject,0.0
Jena,1,123,ClassicalELM,DLinear,0.5752200590811093,0.5776258394535498,10.7650609165083,6.192278976405645,0.18805014770277323,attenuate,0.0
Jena,1,123,ClassicalELM,PatchTST,0.662972257809665,0.5776258394535498,10.7650609165083,7.136936741276089,0.4074306445241624,attenuate,0.0
Jena,1,123,ClassicalELM,N-HiTS,0.6694036279175061,0.5776258394535498,10.7650609165083,7.206170832263608,0.4235090697937652,attenuate,0.0
Jena,1,2024,QELM,DLinear,0.2585335968698191,0.25968238460448523,23.945315906130844,6.190668649396098,0.0,reject,0.0
Jena,1,2024,QELM,PatchTST,0.30510189561334156,0.25968238460448523,23.945315906130844,7.30576127402082,0.0,reject,0.0
Jena,1,2024,QELM,N-HiTS,0.3042287036389854,0.25968238460448523,23.945315906130844,7.284852416348164,0.0,reject,0.0
Jena,1,2024,QELM-NISQ,DLinear,0.24429642421967332,0.24583884635227624,25.340807460322868,6.190668649396098,0.0,reject,0.0
Jena,1,2024,QELM-NISQ,PatchTST,0.2873353600530984,0.24583884635227624,25.425903977396814,7.30576127402082,0.0,reject,0.0
Jena,1,2024,QELM-NISQ,N-HiTS,0.2888297040507656,0.24583884635227624,25.221964064567807,7.284852416348164,0.0,reject,0.0
Jena,1,2024,ClassicalELM,DLinear,0.6811002583574308,0.6841267475645015,9.089217884494374,6.190668649396098,0.45275064589357705,attenuate,0.0
Jena,1,2024,ClassicalELM,PatchTST,0.8037832701187615,0.6841267475645015,9.089217884494374,7.30576127402082,0.7594581752969037,attenuate,0.0
Jena,1,2024,ClassicalELM,N-HiTS,0.8014828678247066,0.6841267475645015,9.089217884494374,7.284852416348164,0.7537071695617664,attenuate,0.0
Jena,2,42,QELM,DLinear,0.4247893740426445,0.4580337818635962,19.398889278661468,8.240442033805172,0.0,reject,0.0
Jena,2,42,QELM,PatchTST,0.407795133911474,0.4580337818635962,19.398889278661468,7.910772651125609,0.0,reject,0.0
Jena,2,42,QELM,N-HiTS,0.45615368213065005,0.4580337818635962,19.398889278661468,8.848874773706218,0.0,reject,0.0
Jena,2,42,QELM-NISQ,DLinear,0.41661698415669346,0.44981285977769003,19.77941934000911,8.240442033805172,0.0,reject,0.0
Jena,2,42,QELM-NISQ,PatchTST,0.40160468574299346,0.44981285977769003,19.697909242493502,7.910772651125609,0.0,reject,0.0
Jena,2,42,QELM-NISQ,N-HiTS,0.4489067018581023,0.44981285977769003,19.712057621503977,8.848874773706218,0.0,reject,0.0
Jena,2,42,ClassicalELM,DLinear,0.7983664346654876,0.8608472678367375,10.321628861135531,8.240442033805172,0.745916086663719,attenuate,0.0
Jena,2,42,ClassicalELM,PatchTST,0.7664267682509277,0.8608472678367375,10.321628861135531,7.910772651125609,0.6660669206273192,attenuate,0.0
Jena,2,42,ClassicalELM,N-HiTS,0.8573137915300619,0.8608472678367375,10.321628861135531,8.848874773706218,0.8932844788251548,attenuate,0.0
Jena,2,123,QELM,DLinear,0.367575461375656,0.39632309691459344,22.419450603949652,8.240839899535523,0.0,reject,0.0
Jena,2,123,QELM,PatchTST,0.34733435333630286,0.39632309691459344,22.419450603949652,7.787045377678037,0.0,reject,0.0
Jena,2,123,QELM,N-HiTS,0.4043874026471967,0.39632309691459344,22.419450603949652,9.066143398508325,0.0,reject,0.0
Jena,2,123,QELM-NISQ,DLinear,0.3752643160351422,0.4034898881857032,21.96009465169557,8.240839899535523,0.0,reject,0.0
Jena,2,123,QELM-NISQ,PatchTST,0.3528882275737673,0.4034898881857032,22.06660571030311,7.787045377678037,0.0,reject,0.0
Jena,2,123,QELM-NISQ,N-HiTS,0.4087201151732508,0.4034898881857032,22.181789106869164,9.066143398508325,0.0,reject,0.0
Jena,2,123,ClassicalELM,DLinear,0.7385521664855375,0.7963134823896721,11.15810131429206,8.240839899535523,0.5963804162138436,attenuate,0.0
Jena,2,123,ClassicalELM,PatchTST,0.6978826556901627,0.7963134823896721,11.15810131429206,7.787045377678037,0.4947066392254068,attenuate,0.0
Jena,2,123,ClassicalELM,N-HiTS,0.8125166767302775,0.7963134823896721,11.15810131429206,9.066143398508325,0.7812916918256937,attenuate,0.0
Jena,2,2024,QELM,DLinear,0.39583741960441887,0.42689074100406577,20.814102305601242,8.239000548031582,0.0,reject,0.0
Jena,2,2024,QELM,PatchTST,0.3914258541943287,0.42689074100406577,20.814102305601242,8.147177774258113,0.0,reject,0.0
Jena,2,2024,QELM,N-HiTS,0.4183151477773003,0.42689074100406577,20.814102305601242,8.70685428181943,0.0,reject,0.0
Jena,2,2024,QELM-NISQ,DLinear,0.3942719520176383,0.4199719754890334,20.896745269019284,8.239000548031582,0.0,reject,0.0
Jena,2,2024,QELM-NISQ,PatchTST,0.39034106637051413,0.4199719754890334,20.87194629561411,8.147177774258113,0.0,reject,0.0
Jena,2,2024,QELM-NISQ,N-HiTS,0.4160624171516557,0.4199719754890334,20.926798294895647,8.70685428181943,0.0,reject,0.0
Jena,2,2024,ClassicalELM,DLinear,0.8050459991404717,0.8682016118963053,10.234198489065426,8.239000548031582,0.7626149978511793,attenuate,0.0
Jena,2,2024,ClassicalELM,PatchTST,0.7960738481829174,0.8682016118963053,10.234198489065426,8.147177774258113,0.7401846204572934,attenuate,0.0
Jena,2,2024,ClassicalELM,N-HiTS,0.8507607401910502,0.8682016118963053,10.234198489065426,8.70685428181943,0.8769018504776255,attenuate,0.0
Jena,3,42,QELM,DLinear,0.311170893604773,0.44885646858651207,19.907684555590002,6.19469199276488,0.0,reject,0.0
Jena,3,42,QELM,PatchTST,0.32268287075735624,0.44885646858651207,19.907684555590002,6.4238688025296655,0.0,reject,0.0
Jena,3,42,QELM,N-HiTS,0.3346344405661778,0.44885646858651207,19.907684555590002,6.661796884227798,0.0,reject,0.0
Jena,3,42,QELM-NISQ,DLinear,0.2972985571736946,0.43376089093123144,20.836602947742108,6.19469199276488,0.0,reject,0.0
Jena,3,42,QELM-NISQ,PatchTST,0.30751583493933005,0.43376089093123144,20.889554529109155,6.4238688025296655,0.0,reject,0.0
Jena,3,42,QELM-NISQ,N-HiTS,0.3209471738919894,0.43376089093123144,20.75667719220902,6.661796884227798,0.0,reject,0.0
Jena,3,42,ClassicalELM,DLinear,0.7922604580112459,1.0,7.819009430705361,6.19469199276488,0.7306511450281147,attenuate,0.0
Jena,3,42,ClassicalELM,PatchTST,0.8215706681850315,1.0,7.819009430705361,6.4238688025296655,0.8039266704625788,attenuate,0.0
Jena,3,42,ClassicalELM,N-HiTS,0.852000108615655,1.0,7.819009430705361,6.661796884227798,0.8800002715391375,attenuate,0.0
Jena,3,123,QELM,DLinear,0.2566603928627894,0.370519766926922,24.116643893132938,6.18978729614349,0.0,reject,0.0
Jena,3,123,QELM,PatchTST,0.2531935213071801,0.370519766926922,24.116643893132938,6.10617798941363,0.0,reject,0.0
Jena,3,123,QELM,N-HiTS,0.2684632546056046,0.370519766926922,24.116643893132938,6.474432709714847,0.0,reject,0.0
Jena,3,123,QELM-NISQ,DLinear,0.24250667366508255,0.34755941691079756,25.524193633912063,6.18978729614349,0.0,reject,0.0
Jena,3,123,QELM-NISQ,PatchTST,0.24013098532669946,0.34755941691079756,25.42853010454333,6.10617798941363,0.0,reject,0.0
Jena,3,123,QELM-NISQ,N-HiTS,0.25378893150207166,0.34755941691079756,25.511091722540296,6.474432709714847,0.0,reject,0.0
Jena,3,123,ClassicalELM,DLinear,0.7411908163911036,1.0,8.351138680160506,6.18978729614349,0.6029770409777591,attenuate,0.0
Jena,3,123,ClassicalELM,PatchTST,0.7311790910525594,1.0,8.351138680160506,6.10617798941363,0.5779477276313985,attenuate,0.0
Jena,3,123,ClassicalELM,N-HiTS,0.7752754393955784,1.0,8.351138680160506,6.474432709714847,0.688188598488946,attenuate,0.0
Jena,3,2024,QELM,DLinear,0.2878692408366251,0.41552170817397066,21.504756416393796,6.190557903963824,0.0,reject,0.0
Jena,3,2024,QELM,PatchTST,0.2912075826291745,0.41552170817397066,21.504756416393796,6.2623481310472675,0.0,reject,0.0
Jena,3,2024,QELM,N-HiTS,0.3060673941993051,0.41552170817397066,21.504756416393796,6.581904759256436,0.0,reject,0.0
Jena,3,2024,QELM-NISQ,DLinear,0.2758153211537119,0.39659621176242793,22.444575878052206,6.190557903963824,0.0,reject,0.0
Jena,3,2024,QELM-NISQ,PatchTST,0.2783254366141251,0.39659621176242793,22.50009272321555,6.2623481310472675,0.0,reject,0.0
Jena,3,2024,QELM-NISQ,N-HiTS,0.2902124239912333,0.39659621176242793,22.679610571928038,6.581904759256436,0.0,reject,0.0
Jena,3,2024,ClassicalELM,DLinear,0.7736667284828767,1.0,8.001582174928487,6.190557903963824,0.6841668212071916,attenuate,0.0
Jena,3,2024,ClassicalELM,PatchTST,0.7826387324583386,1.0,8.001582174928487,6.2623481310472675,0.7065968311458465,attenuate,0.0
Jena,3,2024,ClassicalELM,N-HiTS,0.8225754126327224,1.0,8.001582174928487,6.581904759256436,0.8064385315818059,attenuate,0.0
Jena,4,42,QELM,DLinear,0.3325525020240707,0.4230676269812243,25.67661373612653,8.5388221414545,0.0,reject,0.0
Jena,4,42,QELM,PatchTST,0.30686522800683497,0.4230676269812243,25.67661373612653,7.879259928579898,0.0,reject,0.0
Jena,4,42,QELM,N-HiTS,0.3319228615379032,0.4230676269812243,25.67661373612653,8.522655105898549,0.0,reject,0.0
Jena,4,42,QELM-NISQ,DLinear,0.3270231173145911,0.4167771328033179,26.110760033029365,8.5388221414545,0.0,reject,0.0
Jena,4,42,QELM-NISQ,PatchTST,0.3051977007255182,0.4167771328033179,25.81690461575976,7.879259928579898,0.0,reject,0.0
Jena,4,42,QELM-NISQ,N-HiTS,0.3256406006188745,0.4167771328033179,26.171967161654248,8.522655105898549,0.0,reject,0.0
Jena,4,42,ClassicalELM,DLinear,0.7720811215523019,0.9822284364527537,11.059488314241948,8.5388221414545,0.6802028038807547,attenuate,0.0
Jena,4,42,ClassicalELM,PatchTST,0.712443442653067,0.9822284364527537,11.059488314241948,7.879259928579898,0.5311086066326676,attenuate,0.0
Jena,4,42,ClassicalELM,N-HiTS,0.770619296638112,0.9822284364527537,11.059488314241948,8.522655105898549,0.67654824159528,attenuate,0.0
Jena,4,123,QELM,DLinear,0.30891788604030057,0.39286857902497396,27.65032668551449,8.541680468012848,0.0,reject,0.0
Jena,4,123,QELM,PatchTST,0.2798021470528274,0.39286857902497396,27.65032668551449,7.736620773319044,0.0,reject,0.0
Jena,4,123,QELM,N-HiTS,0.3058382599349351,0.39286857902497396,27.65032668551449,8.456527800130253,0.0,reject,0.0
Jena,4,123,QELM-NISQ,DLinear,0.3029630477595515,0.38648592716958746,28.193802944549216,8.541680468012848,0.0,reject,0.0
Jena,4,123,QELM-NISQ,PatchTST,0.2734129055804682,0.38648592716958746,28.296472534439587,7.736620773319044,0.0,reject,0.0
Jena,4,123,QELM-NISQ,N-HiTS,0.3004177550180729,0.38648592716958746,28.149227729970605,8.456527800130253,0.0,reject,0.0
Jena,4,123,ClassicalELM,DLinear,0.7511054667110202,0.9552238959882929,11.37214525333653,8.541680468012848,0.6277636667775505,attenuate,0.0
Jena,4,123,ClassicalELM,PatchTST,0.6803132215576615,0.9552238959882929,11.37214525333653,7.736620773319044,0.45078305389415374,attenuate,0.0
Jena,4,123,ClassicalELM,N-HiTS,0.7436176386903913,0.9552238959882929,11.37214525333653,8.456527800130253,0.6090440967259783,attenuate,0.0
Jena,4,2024,QELM,DLinear,0.3458559586960429,0.4398152403800865,24.69888027400364,8.54225491588431,0.0,reject,0.0
Jena,4,2024,QELM,PatchTST,0.31425859245708754,0.4398152403800865,24.69888027400364,7.7618353501745085,0.0,reject,0.0
Jena,4,2024,QELM,N-HiTS,0.3424677471148899,0.4398152403800865,24.69888027400364,8.458569883698422,0.0,reject,0.0
Jena,4,2024,QELM-NISQ,DLinear,0.323734218198331,0.41187855071319296,26.386629635335687,8.54225491588431,0.0,reject,0.0
Jena,4,2024,QELM-NISQ,PatchTST,0.29291024065879057,0.41187855071319296,26.499023498520234,7.7618353501745085,0.0,reject,0.0
Jena,4,2024,QELM-NISQ,N-HiTS,0.3177764345692041,0.41187855071319296,26.6179897674456,8.458569883698422,0.0,reject,0.0
Jena,4,2024,ClassicalELM,DLinear,0.7427278032661799,0.9445059233726595,11.501191793708742,8.54225491588431,0.6068195081654498,attenuate,0.0
Jena,4,2024,ClassicalELM,PatchTST,0.6748722644917812,0.9445059233726595,11.501191793708742,7.7618353501745085,0.4371806612294529,attenuate,0.0
Jena,4,2024,ClassicalELM,N-HiTS,0.7354515980096373,0.9445059233726595,11.501191793708742,8.458569883698422,0.5886289950240933,attenuate,0.0
AAPL,0,42,QELM,DLinear,1.0,1.0,0.9071278144702791,0.9149294708039492,1.0,accept,1.0
AAPL,0,42,QELM,PatchTST,0.9983929094827266,1.0,0.9071278144702791,0.9056699779616891,1.0,accept,0.0
AAPL,0,42,QELM,N-HiTS,0.9890844228987687,1.0,0.9071278144702791,0.8972259908707575,1.0,accept,0.0
AAPL,0,42,QELM-NISQ,DLinear,1.0,1.0,0.906457815087342,0.9149294708039492,1.0,accept,1.0
AAPL,0,42,QELM-NISQ,PatchTST,0.9983447422735187,1.0,0.9071715807299366,0.9056699779616891,1.0,accept,0.0
AAPL,0,42,QELM-NISQ,N-HiTS,0.9892971281270254,1.0,0.9069327761715226,0.8972259908707575,1.0,accept,0.0
AAPL,0,42,ClassicalELM,DLinear,1.0,1.0,0.9091988471728057,0.9149294708039492,1.0,accept,1.0
AAPL,0,42,ClassicalELM,PatchTST,0.9961187047012984,1.0,0.9091988471728057,0.9056699779616891,1.0,accept,0.0
AAPL,0,42,ClassicalELM,N-HiTS,0.9868314215979503,1.0,0.9091988471728057,0.8972259908707575,1.0,accept,0.0
AAPL,0,123,QELM,DLinear,1.0,1.0,0.9042593893014172,0.9141075444826322,1.0,accept,1.0
AAPL,0,123,QELM,PatchTST,1.0,1.0,0.9042593893014172,0.905494783240389,1.0,accept,1.0
AAPL,0,123,QELM,N-HiTS,0.992672833448343,1.0,0.9042593893014172,0.8976337301501061,1.0,accept,0.0
AAPL,0,123,QELM-NISQ,DLinear,1.0,1.0,0.9042417089893325,0.9141075444826322,1.0,accept,1.0
AAPL,0,123,QELM-NISQ,PatchTST,1.0,1.0,0.9044780926394386,0.905494783240389,1.0,accept,1.0
AAPL,0,123,QELM-NISQ,N-HiTS,0.9928085052743245,1.0,0.9041358181173915,0.8976337301501061,1.0,accept,0.0
AAPL,0,123,ClassicalELM,DLinear,1.0,1.0,0.9074241535161927,0.9141075444826322,1.0,accept,1.0
AAPL,0,123,ClassicalELM,PatchTST,0.9978737944451582,1.0,0.9074241535161927,0.905494783240389,1.0,accept,0.0
AAPL,0,123,ClassicalELM,N-HiTS,0.9892107529558812,1.0,0.9074241535161927,0.8976337301501061,1.0,accept,0.0
AAPL,0,2024,QELM,DLinear,1.0,1.0,0.9057061174636512,0.914362307218872,1.0,accept,1.0
AAPL,0,2024,QELM,PatchTST,0.9971205255179615,1.0,0.9057061174636512,0.9030981598101884,1.0,accept,0.0
AAPL,0,2024,QELM,N-HiTS,0.9921115930235458,1.0,0.9057061174636512,0.8985615390080337,1.0,accept,0.0
AAPL,0,2024,QELM-NISQ,DLinear,1.0,1.0,0.9056092864900256,0.914362307218872,1.0,accept,1.0
AAPL,0,2024,QELM-NISQ,PatchTST,0.9971306038279513,1.0,0.9056969632094577,0.9030981598101884,1.0,accept,0.0
AAPL,0,2024,QELM-NISQ,N-HiTS,0.9923093321329439,1.0,0.9055256359189915,0.8985615390080337,1.0,accept,0.0
AAPL,0,2024,ClassicalELM,DLinear,1.0,1.0,0.9071106922517594,0.914362307218872,1.0,accept,1.0
AAPL,0,2024,ClassicalELM,PatchTST,0.9955765790483513,1.0,0.9071106922517594,0.9030981598101884,1.0,accept,0.0
AAPL,0,2024,ClassicalELM,N-HiTS,0.9905754024103675,1.0,0.9071106922517594,0.8985615390080337,1.0,accept,0.0
AAPL,1,42,QELM,DLinear,1.0,1.0,1.17665583312751,1.1928681543149091,1.0,accept,1.0
AAPL,1,42,QELM,PatchTST,1.0,1.0,1.17665583312751,1.1807236590090586,1.0,accept,1.0
AAPL,1,42,QELM,N-HiTS,0.9987044794137849,1.0,1.17665583312751,1.1751314512728033,1.0,accept,0.0
AAPL,1,42,QELM-NISQ,DLinear,1.0,1.0,1.176383477203485,1.1928681543149091,1.0,accept,1.0
AAPL,1,42,QELM-NISQ,PatchTST,1.0,1.0,1.1769440995250633,1.1807236590090586,1.0,accept,1.0
AAPL,1,42,QELM-NISQ,N-HiTS,0.9985930900162743,1.0,1.1767870847710873,1.1751314512728033,1.0,accept,0.0
AAPL,1,42,ClassicalELM,DLinear,1.0,1.0,1.18102600263127,1.1928681543149091,1.0,accept,1.0
AAPL,1,42,ClassicalELM,PatchTST,0.9997439991824584,1.0,1.18102600263127,1.1807236590090586,1.0,accept,0.0
AAPL,1,42,ClassicalELM,N-HiTS,0.9950089571733951,1.0,1.18102600263127,1.1751314512728033,1.0,accept,0.0
AAPL,1,123,QELM,DLinear,1.0,1.0,1.1769239675634335,1.1917561775363903,1.0,accept,1.0
AAPL,1,123,QELM,PatchTST,1.0,1.0,1.1769239675634335,1.1798342364596692,1.0,accept,1.0
AAPL,1,123,QELM,N-HiTS,0.9972617733682541,1.0,1.1769239675634335,1.1737012830119113,1.0,accept,0.0
AAPL,1,123,QELM-NISQ,DLinear,1.0,1.0,1.1766015200865572,1.1917561775363903,1.0,accept,1.0
AAPL,1,123,QELM-NISQ,PatchTST,1.0,1.0,1.1768416909988588,1.1798342364596692,1.0,accept,1.0
AAPL,1,123,QELM-NISQ,N-HiTS,0.9973259855283053,1.0,1.1768481921085974,1.1737012830119113,1.0,accept,0.0
AAPL,1,123,ClassicalELM,DLinear,1.0,1.0,1.1804060314261415,1.1917561775363903,1.0,accept,1.0
AAPL,1,123,ClassicalELM,PatchTST,0.9995155946756884,1.0,1.1804060314261415,1.1798342364596692,1.0,accept,0.0
AAPL,1,123,ClassicalELM,N-HiTS,0.994319964287094,1.0,1.1804060314261415,1.1737012830119113,1.0,accept,0.0
AAPL,1,2024,QELM,DLinear,1.0,1.0,1.179787585477494,1.1933493493298268,1.0,accept,1.0
AAPL,1,2024,QELM,PatchTST,1.0,1.0,1.179787585477494,1.1800580036813608,1.0,accept,1.0
AAPL,1,2024,QELM,N-HiTS,0.9968880540109509,1.0,1.179787585477494,1.1761161502329374,1.0,accept,0.0
AAPL,1,2024,QELM-NISQ,DLinear,1.0,1.0,1.1796927180326957,1.1933493493298268,1.0,accept,1.0
AAPL,1,2024,QELM-NISQ,PatchTST,1.0,1.0,1.1791721002534759,1.1800580036813608,1.0,accept,1.0
AAPL,1,2024,QELM-NISQ,N-HiTS,0.9968797855967192,1.0,1.1797973709828309,1.1761161502329374,1.0,accept,0.0
AAPL,1,2024,ClassicalELM,DLinear,1.0,1.0,1.1777740413126256,1.1933493493298268,1.0,accept,1.0
AAPL,1,2024,ClassicalELM,PatchTST,1.0,1.0,1.1777740413126256,1.1800580036813608,1.0,accept,1.0
AAPL,1,2024,ClassicalELM,N-HiTS,0.9985923521647323,1.0,1.1777740413126256,1.1761161502329374,1.0,accept,0.0
AAPL,2,42,QELM,DLinear,1.0,1.0,0.9298410474408931,0.9615540099028531,1.0,accept,1.0
AAPL,2,42,QELM,PatchTST,1.0,1.0,0.9298410474408931,0.9311869750399268,1.0,accept,1.0
AAPL,2,42,QELM,N-HiTS,0.9965365217137079,1.0,0.9298410474408931,0.9266205631633785,1.0,accept,0.0
AAPL,2,42,QELM-NISQ,DLinear,1.0,1.0,0.9294124176275268,0.9615540099028531,1.0,accept,1.0
AAPL,2,42,QELM-NISQ,PatchTST,1.0,1.0,0.9293339020875627,0.9311869750399268,1.0,accept,1.0
AAPL,2,42,QELM-NISQ,N-HiTS,0.9962237355999884,1.0,0.9301329912655708,0.9266205631633785,1.0,accept,0.0
AAPL,2,42,ClassicalELM,DLinear,1.0,1.0,0.9330944522673457,0.9615540099028531,1.0,accept,1.0
AAPL,2,42,ClassicalELM,PatchTST,0.9979557511859771,1.0,0.9330944522673457,0.9311869750399268,1.0,accept,0.0
AAPL,2,42,ClassicalELM,N-HiTS,0.9930619144843952,1.0,0.9330944522673457,0.9266205631633785,1.0,accept,0.0
AAPL,2,123,QELM,DLinear,1.0,1.0,0.9250545436791464,0.960516049753658,1.0,accept,1.0
AAPL,2,123,QELM,PatchTST,1.0,1.0,0.9250545436791464,0.9310865682307004,1.0,accept,1.0
AAPL,2,123,QELM,N-HiTS,1.0,1.0,0.9250545436791464,0.926427480394063,1.0,accept,1.0
AAPL,2,123,QELM-NISQ,DLinear,1.0,1.0,0.9257380894521361,0.960516049753658,1.0,accept,1.0
AAPL,2,123,QELM-NISQ,PatchTST,1.0,1.0,0.9250403621221633,0.9310865682307004,1.0,accept,1.0
AAPL,2,123,QELM-NISQ,N-HiTS,1.0,1.0,0.9250103774185626,0.926427480394063,1.0,accept,1.0
AAPL,2,123,ClassicalELM,DLinear,1.0,1.0,0.9329376527199127,0.960516049753658,1.0,accept,1.0
AAPL,2,123,ClassicalELM,PatchTST,0.9980158540243116,1.0,0.9329376527199127,0.9310865682307004,1.0,accept,0.0
AAPL,2,123,ClassicalELM,N-HiTS,0.993021857026705,1.0,0.9329376527199127,0.926427480394063,1.0,accept,0.0
AAPL,2,2024,QELM,DLinear,1.0,1.0,0.9293311445196212,0.9627817883416402,1.0,accept,1.0
AAPL,2,2024,QELM,PatchTST,1.0,1.0,0.9293311445196212,0.9297605952735246,1.0,accept,1.0
AAPL,2,2024,QELM,N-HiTS,0.9921266964930201,1.0,0.9293311445196212,0.9220142383603291,1.0,accept,0.0
AAPL,2,2024,QELM-NISQ,DLinear,1.0,1.0,0.9296993648531996,0.9627817883416402,1.0,accept,1.0
AAPL,2,2024,QELM-NISQ,PatchTST,1.0,1.0,0.9295784776168516,0.9297605952735246,1.0,accept,1.0
AAPL,2,2024,QELM-NISQ,N-HiTS,0.9925000689785299,1.0,0.9289815357990412,0.9220142383603291,1.0,accept,0.0
AAPL,2,2024,ClassicalELM,DLinear,1.0,1.0,0.9331614434365115,0.9627817883416402,1.0,accept,1.0
AAPL,2,2024,ClassicalELM,PatchTST,0.9963555629233214,1.0,0.9331614434365115,0.9297605952735246,1.0,accept,0.0
AAPL,2,2024,ClassicalELM,N-HiTS,0.9880543659893071,1.0,0.9331614434365115,0.9220142383603291,1.0,accept,0.0
AAPL,3,42,QELM,DLinear,0.9924513308088846,1.0,0.5717134741641108,0.5673977982755426,1.0,accept,0.0
AAPL,3,42,QELM,PatchTST,0.998221259935454,1.0,0.5717134741641108,0.5706965445021742,1.0,accept,0.0
AAPL,3,42,QELM,N-HiTS,0.9797739302015264,1.0,0.5717134741641108,0.5601499575309397,1.0,accept,0.0
AAPL,3,42,QELM-NISQ,DLinear,0.9938822578562256,1.0,0.5708903582798658,0.5673977982755426,1.0,accept,0.0
AAPL,3,42,QELM-NISQ,PatchTST,0.9977527152434806,1.0,0.571981950821259,0.5706965445021742,1.0,accept,0.0
AAPL,3,42,QELM-NISQ,N-HiTS,0.9803941667675516,1.0,0.5713517853516049,0.5601499575309397,1.0,accept,0.0
AAPL,3,42,ClassicalELM,DLinear,1.0,1.0,0.5647964720354063,0.5673977982755426,1.0,accept,1.0
AAPL,3,42,ClassicalELM,PatchTST,1.0,1.0,0.5647964720354063,0.5706965445021742,1.0,accept,1.0
AAPL,3,42,ClassicalELM,N-HiTS,0.9917731169819075,1.0,0.5647964720354063,0.5601499575309397,1.0,accept,0.0
AAPL,3,123,QELM,DLinear,0.9953791811290142,1.0,0.5702665331109681,0.5676314347532773,1.0,accept,0.0
AAPL,3,123,QELM,PatchTST,1.0,1.0,0.5702665331109681,0.5706129578416006,1.0,accept,1.0
AAPL,3,123,QELM,N-HiTS,0.9851258008267814,1.0,0.5702665331109681,0.5617842751156547,1.0,accept,0.0
AAPL,3,123,QELM-NISQ,DLinear,0.994325482650634,1.0,0.5708708513032448,0.5676314347532773,1.0,accept,0.0
AAPL,3,123,QELM-NISQ,PatchTST,0.9996835328873623,1.0,0.5707935952425991,0.5706129578416006,1.0,accept,0.0
AAPL,3,123,QELM-NISQ,N-HiTS,0.9848233022371278,1.0,0.5704416963322291,0.5617842751156547,1.0,accept,0.0
AAPL,3,123,ClassicalELM,DLinear,1.0,1.0,0.566865562193706,0.5676314347532773,1.0,accept,1.0
AAPL,3,123,ClassicalELM,PatchTST,1.0,1.0,0.566865562193706,0.5706129578416006,1.0,accept,1.0
AAPL,3,123,ClassicalELM,N-HiTS,0.991036169037351,1.0,0.566865562193706,0.5617842751156547,1.0,accept,0.0
AAPL,3,2024,QELM,DLinear,0.9944471869053984,1.0,0.5704942505978818,0.567326402652767,1.0,accept,0.0
AAPL,3,2024,QELM,PatchTST,0.9983770989851252,1.0,0.5704942505978818,0.5695683948996062,1.0,accept,0.0
AAPL,3,2024,QELM,N-HiTS,0.9836084570762375,1.0,0.5704942505978818,0.5611429696014469,1.0,accept,0.0
AAPL,3,2024,QELM-NISQ,DLinear,0.9954396874829562,1.0,0.5699254407741109,0.567326402652767,1.0,accept,0.0
AAPL,3,2024,QELM-NISQ,PatchTST,0.9988008469694627,1.0,0.5702522145708795,0.5695683948996062,1.0,accept,0.0
AAPL,3,2024,QELM-NISQ,N-HiTS,0.9847768899305329,1.0,0.5698173620230167,0.5611429696014469,1.0,accept,0.0
AAPL,3,2024,ClassicalELM,DLinear,1.0,1.0,0.5673165176868221,0.567326402652767,1.0,accept,1.0
AAPL,3,2024,ClassicalELM,PatchTST,1.0,1.0,0.5673165176868221,0.5695683948996062,1.0,accept,1.0
AAPL,3,2024,ClassicalELM,N-HiTS,0.9891179828316172,1.0,0.5673165176868221,0.5611429696014469,1.0,accept,0.0
AAPL,4,42,QELM,DLinear,1.0,1.0,0.6074479855737873,0.6217668659230279,1.0,accept,1.0
AAPL,4,42,QELM,PatchTST,1.0,1.0,0.6074479855737873,0.6128203519501099,1.0,accept,1.0
AAPL,4,42,QELM,N-HiTS,0.9941553422187887,1.0,0.6074479855737873,0.6038976599782223,1.0,accept,0.0
AAPL,4,42,QELM-NISQ,DLinear,1.0,1.0,0.6073266317789384,0.6217668659230279,1.0,accept,1.0
AAPL,4,42,QELM-NISQ,PatchTST,1.0,1.0,0.6078396772951752,0.6128203519501099,1.0,accept,1.0
AAPL,4,42,QELM-NISQ,N-HiTS,0.9940778618787209,1.0,0.607495331237845,0.6038976599782223,1.0,accept,0.0
AAPL,4,42,ClassicalELM,DLinear,1.0,1.0,0.6095982157341509,0.6217668659230279,1.0,accept,1.0
AAPL,4,42,ClassicalELM,PatchTST,1.0,1.0,0.6095982157341509,0.6128203519501099,1.0,accept,1.0
AAPL,4,42,ClassicalELM,N-HiTS,0.990648667255262,1.0,0.6095982157341509,0.6038976599782223,1.0,accept,0.0
AAPL,4,123,QELM,DLinear,1.0,1.0,0.6114715177297484,0.6211197887878219,1.0,accept,1.0
AAPL,4,123,QELM,PatchTST,0.9972976766762475,1.0,0.6114715177297484,0.6098191239855769,1.0,accept,0.0
AAPL,4,123,QELM,N-HiTS,0.9914807753598642,1.0,0.6114715177297484,0.6062622545091638,1.0,accept,0.0
AAPL,4,123,QELM-NISQ,DLinear,1.0,1.0,0.6112460728318899,0.6211197887878219,1.0,accept,1.0
AAPL,4,123,QELM-NISQ,PatchTST,0.9969788561827636,1.0,0.6116670581364732,0.6098191239855769,1.0,accept,0.0
AAPL,4,123,QELM-NISQ,N-HiTS,0.991750062488594,1.0,0.6113054865737771,0.6062622545091638,1.0,accept,0.0
AAPL,4,123,ClassicalELM,DLinear,1.0,1.0,0.6106905302758604,0.6211197887878219,1.0,accept,1.0
AAPL,4,123,ClassicalELM,PatchTST,0.9985730803949264,1.0,0.6106905302758604,0.6098191239855769,1.0,accept,0.0
AAPL,4,123,ClassicalELM,N-HiTS,0.9927487400783892,1.0,0.6106905302758604,0.6062622545091638,1.0,accept,0.0
AAPL,4,2024,QELM,DLinear,1.0,1.0,0.6084478803383099,0.6213046654426919,1.0,accept,1.0
AAPL,4,2024,QELM,PatchTST,1.0,1.0,0.6084478803383099,0.6110858345134785,1.0,accept,1.0
AAPL,4,2024,QELM,N-HiTS,0.9948390191651192,1.0,0.6084478803383099,0.60530769248886,1.0,accept,0.0
AAPL,4,2024,QELM-NISQ,DLinear,1.0,1.0,0.6083370903701737,0.6213046654426919,1.0,accept,1.0
AAPL,4,2024,QELM-NISQ,PatchTST,1.0,1.0,0.6080076375183976,0.6110858345134785,1.0,accept,1.0
AAPL,4,2024,QELM-NISQ,N-HiTS,0.9944829424956134,1.0,0.6086657363572929,0.60530769248886,1.0,accept,0.0
AAPL,4,2024,ClassicalELM,DLinear,1.0,1.0,0.6099911300637382,0.6213046654426919,1.0,accept,1.0
AAPL,4,2024,ClassicalELM,PatchTST,1.0,1.0,0.6099911300637382,0.6110858345134785,1.0,accept,1.0
AAPL,4,2024,ClassicalELM,N-HiTS,0.992322121840708,1.0,0.6099911300637382,0.60530769248886,1.0,accept,0.0
