student,teacher,dataset,origin,reference,n_windows,dm_stat,dm_p,boot_lo,boot_hi,ess_ratio
DLinear,QELM,AAPL,0,NaiveKD,486,-0.7072690491966831,0.47973898826592054,-1.034802860683865e-10,1.9163015938590093e-11,1.0
DLinear,QELM,AAPL,0,LegacyPersist,486,,,0.0,0.0,1.0
DLinear,QELM,AAPL,1,NaiveKD,486,-1.112900172171604,0.2663025913841234,-6.13216510034883e-11,1.5330412750872076e-11,1.0
DLinear,QELM,AAPL,1,LegacyPersist,486,,,0.0,0.0,1.0
DLinear,QELM,AAPL,2,NaiveKD,486,0.4865760620988027,0.6267785895518747,-3.837393941702666e-11,3.4493428689462165e-11,1.0
DLinear,QELM,AAPL,2,LegacyPersist,486,,,0.0,0.0,1.0
DLinear,QELM,AAPL,3,NaiveKD,486,,,0.0,0.0,1.0
DLinear,QELM,AAPL,3,LegacyPersist,486,0.7274460519135161,0.46730375662397583,-4.975037714428126e-06,1.457538489259994e-05,1.0
DLinear,QELM,AAPL,4,NaiveKD,486,,,0.0,0.0,1.0
DLinear,QELM,AAPL,4,LegacyPersist,486,,,0.0,0.0,1.0
DLinear,QELM,ETTh1,0,NaiveKD,1393,-2.471853502558045,0.013560326434900584,-0.14008066804447108,-0.013069518741115994,0.05897865172688167
DLinear,QELM,ETTh1,0,LegacyPersist,1393,-1.616881994515632,0.10613033357919695,-0.05822599088266353,0.005762644204105817,0.06962017440168604
DLinear,QELM,ETTh1,1,NaiveKD,1393,-5.332131348295676,1.1313707019486612e-07,-0.44026194855100115,-0.19246300628725702,0.03943537421668912
DLinear,QELM,ETTh1,1,LegacyPersist,1393,-3.6716729530442116,0.00025008563248962295,-0.19569675389621127,-0.05901135029184333,0.04834159155609121
DLinear,QELM,ETTh1,2,NaiveKD,1393,-6.611326007094598,5.4127846766221294e-11,-0.8247777037675528,-0.405567879937937,0.04899172256518353
DLinear,QELM,ETTh1,2,LegacyPersist,1393,-0.28611662349395434,0.7748313732254798,-0.05266357407091508,0.0497224776765595,0.06436974793904321
DLinear,QELM,ETTh1,3,NaiveKD,1393,-3.785683852459964,0.00015980470803833623,-0.6135891669771479,-0.16146050814782556,0.030519479538813697
DLinear,QELM,ETTh1,3,LegacyPersist,1393,0.7423920864113335,0.457975064976735,-0.03672431202743093,0.059610744492984466,0.03420843245596499
DLinear,QELM,ETTh1,4,NaiveKD,1393,-1.8689697157591283,0.06183689370389179,-0.12602554683259984,-0.0037546561382395395,0.04655260316017986
DLinear,QELM,ETTh1,4,LegacyPersist,1393,-0.671230371275696,0.5021851494042404,-0.042038230091996615,0.0136170197323724,0.05370908578528005
DLinear,QELM,ETTm2,0,NaiveKD,1600,-7.772072175211165,1.3720396722137094e-14,-2.0582578131407496,-0.8385795453232714,0.008276639427917362
DLinear,QELM,ETTm2,0,LegacyPersist,1600,-5.226143173708241,1.958669794342216e-07,-0.41782975462125616,-0.10174768232693904,0.011949787552015237
DLinear,QELM,ETTm2,1,NaiveKD,1600,-10.161835363295637,1.4977482278782073e-23,-1.9339538264619187,-1.1381396172586828,0.031190804772046086
DLinear,QELM,ETTm2,1,LegacyPersist,1600,-5.251477310186468,1.7114331144727273e-07,-0.49093907281849536,-0.1941415640097113,0.0491040681246939
DLinear,QELM,ETTm2,2,NaiveKD,1600,-8.53876198705174,3.1077314613915487e-17,-1.7733972233771347,-0.8200290109668859,0.01444532290249193
DLinear,QELM,ETTm2,2,LegacyPersist,1600,-4.602149459509997,4.511660753803405e-06,-0.39713131553516723,-0.08671956444485117,0.022350094625927575
DLinear,QELM,ETTm2,3,NaiveKD,1600,-11.031980413660204,2.519414647709678e-27,-1.5327892710296438,-0.9569581194198691,0.028533842918142593
DLinear,QELM,ETTm2,3,LegacyPersist,1600,-5.231905104298884,1.8995713312614816e-07,-0.3550187630550936,-0.142070815211162,0.06111862845434085
DLinear,QELM,ETTm2,4,NaiveKD,1600,-9.943422102677001,1.2050306666011825e-22,-1.2794259163835087,-0.7455839183768259,0.03320265043602078
DLinear,QELM,ETTm2,4,LegacyPersist,1600,-7.0791663862883265,2.163381277692462e-12,-0.42962423337390643,-0.20409880842128786,0.04932684676521224
DLinear,QELM,Energy,0,NaiveKD,1600,-8.345780797350123,1.510233672196034e-16,-342.44343452453614,-231.68193525362014,0.0618274833877671
DLinear,QELM,Energy,0,LegacyPersist,1600,-8.304282960686391,2.1128264963917415e-16,-347.30916310310363,-235.54015354394915,0.06147785938045388
DLinear,QELM,Energy,1,NaiveKD,1600,-3.5702575695386276,0.00036717730045334124,-397.883492076397,-47.69766086673738,0.013386223078020894
DLinear,QELM,Energy,1,LegacyPersist,1600,-3.5817021805123215,0.00035158117911913164,-398.7362724795342,-48.93467811679845,0.013410210522873306
DLinear,QELM,Energy,2,NaiveKD,1600,-0.3919715554030867,0.6951314652814887,-31.119817584037783,45.02655437421798,0.08131842073388848
DLinear,QELM,Energy,2,LegacyPersist,1600,0.26513352564768233,0.7909407757937436,-9.220122645378112,54.763666401386246,0.08468977636791637
DLinear,QELM,Energy,3,NaiveKD,1600,-5.279117943448825,1.476152404705509e-07,-275.0823321390152,-112.08785602617264,0.060369336808468274
DLinear,QELM,Energy,3,LegacyPersist,1600,-4.597757031172799,4.6065293310107925e-06,-208.15576476097107,-75.61598200941087,0.06551410887260035
DLinear,QELM,Energy,4,NaiveKD,1600,-4.989126987041966,6.72654860444518e-07,-525.6471046953202,-176.58580576658264,0.028739030134962238
DLinear,QELM,Energy,4,LegacyPersist,1600,-4.84947631950154,1.3582750689708221e-06,-500.17072080993654,-161.58751473999047,0.028912862558231684
DLinear,QELM,ExchangeRate,0,NaiveKD,607,-3.474327008920651,0.0005486901749549008,-0.001176641801504696,-0.00022028965611414325,0.07722188735034574
DLinear,QELM,ExchangeRate,0,LegacyPersist,607,-2.0706466222539417,0.038814697531134965,-0.00035819853144399423,5.272059699752908e-05,0.07407927144113098
DLinear,QELM,ExchangeRate,1,NaiveKD,607,-7.338069326002208,6.99545110057057e-13,-0.005362490538626225,-0.0027746894373922863,0.03283601185749135
DLinear,QELM,ExchangeRate,1,LegacyPersist,607,-4.70817468290185,3.100709700463603e-06,-0.0007980727160919483,-0.00034681427534370463,0.07023739447709962
DLinear,QELM,ExchangeRate,2,NaiveKD,607,-3.7315770537641177,0.00020818111540233105,-0.005336890088502069,-0.0025076450884750317,0.03638622199044615
DLinear,QELM,ExchangeRate,2,LegacyPersist,607,1.7092764318495057,0.08791172488586049,-5.638513604660029e-05,0.00025254616611084814,0.09073116122795165
DLinear,QELM,ExchangeRate,3,NaiveKD,607,-3.6300848260557523,0.0003072691311798911,-0.0017002859329154616,-0.0003305835805342748,0.042430396743940654
DLinear,QELM,ExchangeRate,3,LegacyPersist,607,-1.3895066977158295,0.16518901484994525,-0.000204380921403075,5.1960282973619584e-05,0.07554864600559724
DLinear,QELM,ExchangeRate,4,NaiveKD,607,-0.14140695857311542,0.8875954514892488,-0.0002404574046384764,0.00020739717379862917,0.0835058466761758
DLinear,QELM,ExchangeRate,4,LegacyPersist,607,2.707000087495005,0.006980820191249569,2.8378798248924475e-05,0.0002357283819914079,0.19245309043093353
DLinear,QELM,Jena,0,NaiveKD,1600,-7.556304498943315,6.942400527251742e-14,-1.3390286833920981,-0.5254091408543766,0.010264604398196986
DLinear,QELM,Jena,0,LegacyPersist,1600,-5.844886985040044,6.132025919422068e-09,-0.26560031132237055,-0.08251753333513633,0.015265912980057531
DLinear,QELM,Jena,1,NaiveKD,1600,-3.626999970746651,0.0002957349199274187,-0.447055990758352,-0.05651726263063028,0.017758251806718264
DLinear,QELM,Jena,1,LegacyPersist,1600,-1.1063227774213291,0.26875325023087443,-0.0843647821857594,0.0266094435746781,0.021831357620912113
DLinear,QELM,Jena,2,NaiveKD,1600,-7.03467402624598,2.9507271015210214e-12,-0.47943107604933904,-0.28654698042559906,0.03218357933203642
DLinear,QELM,Jena,2,LegacyPersist,1600,-6.337307131286816,3.0333600264126625e-10,-0.20484814631508197,-0.11634607905475423,0.03906557994920701
DLinear,QELM,Jena,3,NaiveKD,1600,-4.631596150888534,3.922385322886021e-06,-0.545274341834709,-0.2111952713993378,0.02859459613810368
DLinear,QELM,Jena,3,LegacyPersist,1600,-3.1207480428434526,0.0018361787341646654,-0.20442813987890257,-0.054515304056229105,0.03412087964534101
DLinear,QELM,Jena,4,NaiveKD,1600,-7.693719073517769,2.4838417146286025e-14,-0.6955413439391414,-0.3167689511026256,0.015232124002914536
DLinear,QELM,Jena,4,LegacyPersist,1600,-6.147888483033476,9.897007643799984e-10,-0.26271172340505294,-0.10794918059417984,0.045506298499237575
DLinear,QELM-NISQ,AAPL,0,NaiveKD,486,-0.5679788372037452,0.5703121826993556,-9.796939552627474e-07,6.236067930918663e-07,0.8925099032008128
DLinear,QELM-NISQ,AAPL,0,LegacyPersist,486,0.30299822362992535,0.7620211330650132,4.625032222810596e-08,1.0649953420760697e-06,1.0
DLinear,QELM-NISQ,AAPL,1,NaiveKD,486,1.2987609099096273,0.19464313463534852,-2.798275090754032e-07,7.474484543005623e-07,1.0
DLinear,QELM-NISQ,AAPL,1,LegacyPersist,486,-0.8076362039078543,0.4196959582351085,-1.2851561182044416e-06,5.228975749432794e-07,1.0
DLinear,QELM-NISQ,AAPL,2,NaiveKD,486,1.5269633365912523,0.12742198634461033,-1.6007116332711506e-07,6.40642953798972e-07,1.0
DLinear,QELM-NISQ,AAPL,2,LegacyPersist,486,-0.3310275023850327,0.7407666812472602,-4.4414567580990834e-07,3.875598767504034e-07,1.0
DLinear,QELM-NISQ,AAPL,3,NaiveKD,486,-0.2852535639696813,0.7755716601895735,-4.738599441393658e-07,2.148826587408652e-07,1.0
DLinear,QELM-NISQ,AAPL,3,LegacyPersist,486,0.7035487052739282,0.4820514739196474,-5.162145114607281e-06,1.3890814365734763e-05,1.0
DLinear,QELM-NISQ,AAPL,4,NaiveKD,486,0.6312186942286744,0.5281949010156193,-3.912857898468834e-08,3.64665150903012e-07,0.8679112816824646
DLinear,QELM-NISQ,AAPL,4,LegacyPersist,486,1.2821233200265942,0.20041189599131026,-7.244578175583984e-08,6.258530339126478e-07,1.0
DLinear,QELM-NISQ,ETTh1,0,NaiveKD,1393,-2.756438320772358,0.005919745403479363,-0.17737509861898698,-0.020376510998904074,0.05090440041461398
DLinear,QELM-NISQ,ETTh1,0,LegacyPersist,1393,-1.606638924444112,0.10836039646134644,-0.06004046512298334,0.007486120943041552,0.06864453328863265
DLinear,QELM-NISQ,ETTh1,1,NaiveKD,1393,-5.757368508741359,1.049658796314114e-08,-0.5112170988933182,-0.23608818358212869,0.0381130523561817
DLinear,QELM-NISQ,ETTh1,1,LegacyPersist,1393,-4.221081641073646,2.5888358709864414e-05,-0.25690893154251687,-0.08976242691813321,0.047079805987035435
DLinear,QELM-NISQ,ETTh1,2,NaiveKD,1393,-7.0647177364057665,2.5352871531642726e-12,-0.9355467945829365,-0.4779777651172658,0.04660928763934788
DLinear,QELM-NISQ,ETTh1,2,LegacyPersist,1393,-0.3555055217164779,0.7222647715254142,-0.05637252201451214,0.05001371576633286,0.06417466153086558
DLinear,QELM-NISQ,ETTh1,3,NaiveKD,1393,-3.7917718277362864,0.00015597604793395482,-0.6485893138919002,-0.1691179658070325,0.029300287739606693
DLinear,QELM-NISQ,ETTh1,3,LegacyPersist,1393,0.7130045220478678,0.4759624650580436,-0.03819277418211734,0.06046815724496517,0.03409397846878852
DLinear,QELM-NISQ,ETTh1,4,NaiveKD,1393,-2.0169674678115608,0.04389058152702435,-0.15454419128602132,-0.008560124174969218,0.04073282518994474
DLinear,QELM-NISQ,ETTh1,4,LegacyPersist,1393,-0.7240762236111012,0.4691406106781967,-0.04461345778348971,0.013384905137651169,0.04922386955398099
DLinear,QELM-NISQ,ETTm2,0,NaiveKD,1600,-7.843966486401455,7.921324201386304e-15,-2.0959346986995078,-0.8542924948690925,0.008132273553949698
DLinear,QELM-NISQ,ETTm2,0,LegacyPersist,1600,-5.298032983210501,1.333529116235414e-07,-0.43983995885401966,-0.108388071160065,0.011701752843926124
DLinear,QELM-NISQ,ETTm2,1,NaiveKD,1600,-10.368471165491938,2.0097905613354034e-24,-2.019161888341885,-1.1922625657524912,0.030582882029220243
DLinear,QELM-NISQ,ETTm2,1,LegacyPersist,1600,-5.298525954852733,1.3299964861365338e-07,-0.5101747720907442,-0.20234366990160205,0.048217002118366055
DLinear,QELM-NISQ,ETTm2,2,NaiveKD,1600,-8.846504024264096,2.3377843119601538e-18,-1.910409644932486,-0.9127227194858716,0.014334333675075039
DLinear,QELM-NISQ,ETTm2,2,LegacyPersist,1600,-4.662759255426785,3.37942153341729e-06,-0.41649781888211146,-0.09371149776130946,0.022012253051479073
DLinear,QELM-NISQ,ETTm2,3,NaiveKD,1600,-11.02647422464602,2.6669041943357046e-27,-1.562935172053054,-0.9759368706033567,0.028618023010100083
DLinear,QELM-NISQ,ETTm2,3,LegacyPersist,1600,-5.184954778859754,2.4360636896228433e-07,-0.3432627963605337,-0.13674803243996578,0.062319136159407706
DLinear,QELM-NISQ,ETTm2,4,NaiveKD,1600,-10.611707051661625,1.8077205829418815e-25,-1.5266451464928685,-0.905955390445423,0.029960859604968988
DLinear,QELM-NISQ,ETTm2,4,LegacyPersist,1600,-7.364553301738307,2.8333838696196254e-13,-0.4723709558011032,-0.23142951769125655,0.047462019858641596
DLinear,QELM-NISQ,Energy,0,NaiveKD,1600,-8.383053758095249,1.1156273239003684e-16,-348.811765402317,-236.65662772703178,0.06197727492893419
DLinear,QELM-NISQ,Energy,0,LegacyPersist,1600,-8.592275833662494,1.9933459492269268e-17,-353.5097494940758,-241.21911751031877,0.061942369302112804
DLinear,QELM-NISQ,Energy,1,NaiveKD,1600,-3.6207415361617774,0.0003029218566094884,-422.63117975902554,-52.458767728805554,0.013099248257500404
DLinear,QELM-NISQ,Energy,1,LegacyPersist,1600,-3.6332038098493706,0.00028876869729047786,-423.7897098135948,-53.42726889276506,0.013147389046405306
DLinear,QELM-NISQ,Energy,2,NaiveKD,1600,-0.4000681998192008,0.6891597235167755,-32.22827322530747,45.63197914266583,0.08073589111927197
DLinear,QELM-NISQ,Energy,2,LegacyPersist,1600,0.25399795209380377,0.7995297966535465,-9.163857702732086,54.77400419902801,0.0837614239349007
DLinear,QELM-NISQ,Energy,3,NaiveKD,1600,-5.432117455133446,6.428264905326046e-08,-309.5173048143387,-127.99419873046884,0.05937165068720875
DLinear,QELM-NISQ,Energy,3,LegacyPersist,1600,-4.741628009219619,2.308544765697193e-06,-229.22866901922225,-86.61117297601704,0.06483860766850623
DLinear,QELM-NISQ,Energy,4,NaiveKD,1600,-5.081825629254589,4.1773268091795624e-07,-543.9841235866546,-185.6196721353531,0.0284673749365969
DLinear,QELM-NISQ,Energy,4,LegacyPersist,1600,-4.915726234807463,9.753868265465701e-07,-516.4838860197067,-168.38450878953938,0.028738052951691375
DLinear,QELM-NISQ,ExchangeRate,0,NaiveKD,607,-3.3540978664993917,0.0008459326633851798,-0.001400086201545767,-0.00010224677704499514,0.0669971443464247
DLinear,QELM-NISQ,ExchangeRate,0,LegacyPersist,607,-2.1377305731351908,0.03293807998865867,-0.00043043037180775774,6.282991642221389e-05,0.06893377152866702
DLinear,QELM-NISQ,ExchangeRate,1,NaiveKD,607,-7.355715117364762,6.197198718752449e-13,-0.00550783945401345,-0.002799238895274748,0.031946985740713835
DLinear,QELM-NISQ,ExchangeRate,1,LegacyPersist,607,-4.940589073453492,1.0089555608663435e-06,-0.0009638154781496389,-0.00041965925899185435,0.06895533337293722
DLinear,QELM-NISQ,ExchangeRate,2,NaiveKD,607,-4.286350808402989,2.1127000270234315e-05,-0.0071701411418102785,-0.003650907107927689,0.031150356796056298
DLinear,QELM-NISQ,ExchangeRate,2,LegacyPersist,607,1.4652122932551659,0.14338162362256618,-8.219510782510042e-05,0.00025545643103428643,0.08876233337778894
DLinear,QELM-NISQ,ExchangeRate,3,NaiveKD,607,-3.493354526982488,0.0005117579798454583,-0.002761336852726565,-0.00028039314949526793,0.026377444688191583
DLinear,QELM-NISQ,ExchangeRate,3,LegacyPersist,607,-1.6694388410301901,0.09554689412191701,-0.0002864792510135256,4.1554762186486955e-05,0.07611128237272768
DLinear,QELM-NISQ,ExchangeRate,4,NaiveKD,607,-0.8719632188113542,0.3835737732161474,-0.0004705170204138377,0.000179564132582614,0.062348245162719966
DLinear,QELM-NISQ,ExchangeRate,4,LegacyPersist,607,2.606813885179788,0.009363783852752086,1.9293181430180195e-05,0.00027236624722886066,0.15008946435694281
DLinear,QELM-NISQ,Jena,0,NaiveKD,1600,-7.53108351608087,8.368617350657493e-14,-1.393243814946618,-0.5433335336942704,0.010117152558662315
DLinear,QELM-NISQ,Jena,0,LegacyPersist,1600,-5.917299647462024,3.995825659268358e-09,-0.2746202801191248,-0.08623663778393532,0.015089917702550432
DLinear,QELM-NISQ,Jena,1,NaiveKD,1600,-3.6464089315565795,0.00027444994655072687,-0.4803462924612686,-0.06257084160041997,0.01777208084694037
DLinear,QELM-NISQ,Jena,1,LegacyPersist,1600,-1.0891458595374688,0.2762536871172211,-0.08937824841262773,0.02895516052818854,0.021008257311842922
DLinear,QELM-NISQ,Jena,2,NaiveKD,1600,-7.435953429736941,1.684695428256932e-13,-0.605551787114353,-0.37151409775763755,0.029567854322016418
DLinear,QELM-NISQ,Jena,2,LegacyPersist,1600,-6.508335144246571,1.0141155338744494e-10,-0.23474402784823906,-0.1358920882259263,0.037213068891984204
DLinear,QELM-NISQ,Jena,3,NaiveKD,1600,-4.579770429720899,5.015341604837856e-06,-0.6094699006867595,-0.23215833002235747,0.027579681734724547
DLinear,QELM-NISQ,Jena,3,LegacyPersist,1600,-3.166785062077057,0.0015704372759956593,-0.2180351788343396,-0.05919411408132874,0.03362723427822113
DLinear,QELM-NISQ,Jena,4,NaiveKD,1600,-8.034554847384147,1.8065707688521324e-15,-0.8442553501974326,-0.38627419092296644,0.013399831041179954
DLinear,QELM-NISQ,Jena,4,LegacyPersist,1600,-6.3097241116051235,3.610686429145459e-10,-0.3101626639425522,-0.12617988330870872,0.022016914929764375
DLinear,ClassicalELM,AAPL,0,NaiveKD,486,-0.9318026438790283,0.35190213114183466,-7.29152756463353e-11,2.299561912630811e-11,1.0
DLinear,ClassicalELM,AAPL,0,LegacyPersist,486,,,0.0,0.0,1.0
DLinear,ClassicalELM,AAPL,1,NaiveKD,486,-1.1908068704926857,0.23431188890222876,-8.431727012979641e-11,-1.1497809563154055e-11,1.0
DLinear,ClassicalELM,AAPL,1,LegacyPersist,486,,,0.0,0.0,1.0
DLinear,ClassicalELM,AAPL,2,NaiveKD,486,0.46914103132424123,0.6391796498254219,-2.299561912630811e-11,2.682822231402613e-11,1.0
DLinear,ClassicalELM,AAPL,2,LegacyPersist,486,,,0.0,0.0,1.0
DLinear,ClassicalELM,AAPL,3,NaiveKD,486,,,0.0,0.0,1.0
DLinear,ClassicalELM,AAPL,3,LegacyPersist,486,,,0.0,0.0,1.0
DLinear,ClassicalELM,AAPL,4,NaiveKD,486,,,0.0,0.0,1.0
DLinear,ClassicalELM,AAPL,4,LegacyPersist,486,,,0.0,0.0,1.0
DLinear,ClassicalELM,ETTh1,0,NaiveKD,1393,-0.13753088985836343,0.89063106802186,-0.002022082974755841,0.0012943632959549313,0.086024032316784
DLinear,ClassicalELM,ETTh1,0,LegacyPersist,1393,0.697005853691881,0.4859155135398683,-0.0013420903914837382,0.0028499388707599782,0.2440732223299085
DLinear,ClassicalELM,ETTh1,1,NaiveKD,1393,-0.6944367664719926,0.4875242253523947,-0.0007073556604525723,0.0003669669874392219,0.05549150488549743
DLinear,ClassicalELM,ETTh1,1,LegacyPersist,1393,-0.7457966334957562,0.45591619197590705,-0.0014049933820813145,0.0005719471733538432,1.0
DLinear,ClassicalELM,ETTh1,2,NaiveKD,1393,-1.296244098129175,0.1951062629838736,-0.027296870100202958,0.010953883237853283,0.06728079297046291
DLinear,ClassicalELM,ETTh1,2,LegacyPersist,1393,-1.507864460248324,0.13181613215594035,-0.013775962633425096,0.003769980138869738,0.09383424624400494
DLinear,ClassicalELM,ETTh1,3,NaiveKD,1393,0.9275790863626805,0.3537867520130219,-0.009348453884597999,0.01700301586683071,0.037320125204733684
DLinear,ClassicalELM,ETTh1,3,LegacyPersist,1393,1.5701675468513008,0.11660340345862885,-0.0026430233949307305,0.012581105485333862,0.0657305481425969
DLinear,ClassicalELM,ETTh1,4,NaiveKD,1393,-2.197922176975157,0.02811882686993497,-0.0021253529088324295,8.078100024712431e-05,0.11101732330515382
DLinear,ClassicalELM,ETTh1,4,LegacyPersist,1393,-0.12884869815972966,0.8974959845706882,-0.0007971417915667036,0.00044118716874228675,1.0
DLinear,ClassicalELM,ETTm2,0,NaiveKD,1600,-3.1671243638722517,0.001568617566579014,-0.0748361017596908,0.0019538093737792163,0.10310437265035075
DLinear,ClassicalELM,ETTm2,0,LegacyPersist,1600,-2.979614270637795,0.0029296391928082498,-0.0710977934289258,0.0041020220424979855,0.09806569078637387
DLinear,ClassicalELM,ETTm2,1,NaiveKD,1600,-1.7614105191515974,0.0783600386018375,-0.13116854212130422,-0.0003480518371798613,0.07266046530574292
DLinear,ClassicalELM,ETTm2,1,LegacyPersist,1600,-1.7936524026803946,0.07305755795842757,-0.13371911441581324,-0.0013209792179987461,0.07489729787806738
DLinear,ClassicalELM,ETTm2,2,NaiveKD,1600,-1.7062818301237463,0.08814979917735784,-0.043529115259647366,0.007549514475511385,0.08321845701455853
DLinear,ClassicalELM,ETTm2,2,LegacyPersist,1600,-1.1554006570731143,0.248099011856247,-0.04067898144293577,0.014955497647169972,0.07405601389606076
DLinear,ClassicalELM,ETTm2,3,NaiveKD,1600,-1.5830992534570199,0.11359659629020791,-0.11134094252809881,0.004106688306899701,0.07565337167877387
DLinear,ClassicalELM,ETTm2,3,LegacyPersist,1600,-1.2663280509026082,0.20558010158285525,-0.08402899456187152,0.010930872045806587,0.07877321831140652
DLinear,ClassicalELM,ETTm2,4,NaiveKD,1600,0.2620938179265837,0.7932828717805045,-0.014135180812794714,0.014805186666548249,0.09097584108035235
DLinear,ClassicalELM,ETTm2,4,LegacyPersist,1600,0.0460125023973424,0.9633060305502764,-0.015680745346937325,0.013634621535893527,0.09277786976117165
DLinear,ClassicalELM,Energy,0,NaiveKD,1600,-4.107115231721832,4.2088558522196483e-05,-10.172105159282685,-4.450711003303528,0.2223370954400877
DLinear,ClassicalELM,Energy,0,LegacyPersist,1600,-4.292107256521275,1.8760591454137413e-05,-10.762028772830964,-5.113005287170412,0.23792605371838835
DLinear,ClassicalELM,Energy,1,NaiveKD,1600,-1.0012307275100396,0.3168667630168261,-5.145118538856506,2.569607873916623,0.15239968965425718
DLinear,ClassicalELM,Energy,1,LegacyPersist,1600,-0.7681766254004746,0.44249568711315046,-4.58791954421997,2.819281908512104,0.19180758213150845
DLinear,ClassicalELM,Energy,2,NaiveKD,1600,0.5318490375892084,0.5949044374190315,-5.1053110809326165,7.425618151187889,0.18401296247837326
DLinear,ClassicalELM,Energy,2,LegacyPersist,1600,0.42583732620791964,0.670283696545376,-5.68337535905838,7.554001841068267,0.1966318711445227
DLinear,ClassicalELM,Energy,3,NaiveKD,1600,-1.8716857156172757,0.06143254156322091,-11.832907346963882,0.05323453545569909,0.1653930052109159
DLinear,ClassicalELM,Energy,3,LegacyPersist,1600,-4.217593272457344,2.607627822412528e-05,-13.495974079132079,-5.528540530681611,0.211559313868922
DLinear,ClassicalELM,Energy,4,NaiveKD,1600,-3.909511283164355,9.634868200683964e-05,-16.976804477214813,-4.98281203365326,0.10231439781947266
DLinear,ClassicalELM,Energy,4,LegacyPersist,1600,-3.8490972978489366,0.00012322192579106536,-16.784431195735934,-4.897990448951732,0.11022775117754154
DLinear,ClassicalELM,ExchangeRate,0,NaiveKD,607,-2.4684559404485396,0.013844623132955682,-6.152522965768564e-05,-7.978400699387715e-06,0.15964952001295887
DLinear,ClassicalELM,ExchangeRate,0,LegacyPersist,607,-2.4573441510654765,0.014275897427367916,-5.4935788007144686e-05,-1.3906083154512035e-06,0.27546914880358053
DLinear,ClassicalELM,ExchangeRate,1,NaiveKD,607,2.4997504840027482,0.012691353798457785,3.4173851398539406e-06,4.632194187316453e-05,0.2481848858432763
DLinear,ClassicalELM,ExchangeRate,1,LegacyPersist,607,-0.6099837342820507,0.5421012399550955,-1.4959529390914557e-05,5.633482021775212e-06,0.18711048320878884
DLinear,ClassicalELM,ExchangeRate,2,NaiveKD,607,-2.1871434759479715,0.029113524287039973,-0.002604519614115161,-0.0006991480186979001,0.05352626645441691
DLinear,ClassicalELM,ExchangeRate,2,LegacyPersist,607,3.0408942093894766,0.0024606337091438828,3.078449061512487e-05,0.00027791065727958924,0.10225497709177055
DLinear,ClassicalELM,ExchangeRate,3,NaiveKD,607,-4.094551530009737,4.8037586108480896e-05,-0.0006557599248600851,-0.00010663458588513958,0.0661896111157887
DLinear,ClassicalELM,ExchangeRate,3,LegacyPersist,607,-2.833590991161859,0.004756051985142464,-0.0002621594610322141,-6.967291172250268e-06,0.044357754815966016
DLinear,ClassicalELM,ExchangeRate,4,NaiveKD,607,-2.3371204395901706,0.01975765458045654,-4.1878879175957175e-05,-5.261171961094297e-06,0.26694039222274984
DLinear,ClassicalELM,ExchangeRate,4,LegacyPersist,607,-2.332301698135996,0.020011401567205017,-7.748452343753979e-05,-8.310351850268557e-06,0.19360032596589835
DLinear,ClassicalELM,Jena,0,NaiveKD,1600,-4.846920176791508,1.3756286922744888e-06,-0.0850559876805637,-0.0280463376515545,0.0792079792067312
DLinear,ClassicalELM,Jena,0,LegacyPersist,1600,-4.2203250210855545,2.5765730632090807e-05,-0.030838573300279677,-0.009747202176367872,0.1432407357578048
DLinear,ClassicalELM,Jena,1,NaiveKD,1600,-3.142351553689713,0.0017067088337005066,-0.035028498534346,-0.00428636382101104,0.1079810593720749
DLinear,ClassicalELM,Jena,1,LegacyPersist,1600,-4.301802860046954,1.796701915316511e-05,-0.02565829369635321,-0.007874562467681248,0.15738413254780115
DLinear,ClassicalELM,Jena,2,NaiveKD,1600,-4.975921588682383,7.194253230810071e-07,-0.015909316863515415,-0.007750378847005782,0.08165844232496605
DLinear,ClassicalELM,Jena,2,LegacyPersist,1600,-4.548386476189389,5.813283378633337e-06,-0.008114739960059524,-0.003620641190093011,0.0692963684727774
DLinear,ClassicalELM,Jena,3,NaiveKD,1600,-5.955263909166303,3.186125765517578e-09,-0.018658150434261188,-0.010441578353056685,0.18111393144575533
DLinear,ClassicalELM,Jena,3,LegacyPersist,1600,-5.728636900791633,1.2074103324767205e-08,-0.018109557742020117,-0.009987683915765957,0.1858925479732044
DLinear,ClassicalELM,Jena,4,NaiveKD,1600,-5.782233546523277,8.848253263153776e-09,-0.015903993085841648,-0.007489629310905004,0.1679212650515091
DLinear,ClassicalELM,Jena,4,LegacyPersist,1600,-5.595725637494261,2.580512699389829e-08,-0.014239244119962677,-0.006563463267637419,0.16991692928319788
PatchTST,QELM,AAPL,0,NaiveKD,486,-0.2986530198571343,0.7653327217204231,-6.374577251971994e-09,8.505025548944746e-09,1.0
PatchTST,QELM,AAPL,0,LegacyPersist,486,-0.6567667177205514,0.5116424332880016,-6.730901700187735e-05,1.667066661204083e-05,1.0
PatchTST,QELM,AAPL,1,NaiveKD,486,0.6462186276422197,0.5184434315792757,-7.3783360268353425e-09,2.1220644774996194e-08,1.0
PatchTST,QELM,AAPL,1,LegacyPersist,486,,,0.0,0.0,1.0
PatchTST,QELM,AAPL,2,NaiveKD,486,-1.797012903193046,0.07295559423977202,-5.077892615471357e-08,-1.0843440476391056e-08,1.0
PatchTST,QELM,AAPL,2,LegacyPersist,486,,,0.0,0.0,1.0
PatchTST,QELM,AAPL,3,NaiveKD,486,,,0.0,0.0,1.0
PatchTST,QELM,AAPL,3,LegacyPersist,486,0.9453298444723309,0.34496121543757374,-1.0612492742775768e-05,0.00010085631412963684,1.0
PatchTST,QELM,AAPL,4,NaiveKD,486,,,0.0,0.0,1.0
PatchTST,QELM,AAPL,4,LegacyPersist,486,-2.1698416113097365,0.030503626066648346,-3.5101273662406844e-05,-7.302953177534143e-06,1.0
PatchTST,QELM,ETTh1,0,NaiveKD,1393,-2.9887378196592165,0.002850427190330509,-0.16648683415007778,-0.018024824512621017,0.029572819360757792
PatchTST,QELM,ETTh1,0,LegacyPersist,1393,-2.063549244225987,0.03924549897344902,-0.09120146133171425,0.006801388927247973,0.031055516896011864
PatchTST,QELM,ETTh1,1,NaiveKD,1393,-13.013217060620132,1.2817432831541546e-36,-1.809493628035153,-1.0039973238000366,0.00586860645388302
PatchTST,QELM,ETTh1,1,LegacyPersist,1393,-13.075424770961552,6.193747844826896e-37,-1.5035162149672447,-0.8310804358855352,0.005822618894833619
PatchTST,QELM,ETTh1,2,NaiveKD,1393,-28.472182993646282,6.719244097017452e-141,-3.359103554435882,-2.5914878902551686,0.007203416799197712
PatchTST,QELM,ETTh1,2,LegacyPersist,1393,-15.018677085211722,2.3008364375583297e-47,-0.8496609252301891,-0.5253148357253536,0.008428327669556137
PatchTST,QELM,ETTh1,3,NaiveKD,1393,-2.0338430560852143,0.042156729215660424,-0.42870099309454784,0.045868051392798356,0.024205176168816456
PatchTST,QELM,ETTh1,3,LegacyPersist,1393,-0.3887471731220374,0.6975226350826373,-0.02323497819252264,0.013113768704166019,0.14849340759727078
PatchTST,QELM,ETTh1,4,NaiveKD,1393,-3.964376527647801,7.732428570260684e-05,-0.15270777979206457,-0.03873170410621877,0.046023585606101446
PatchTST,QELM,ETTh1,4,LegacyPersist,1393,-2.7672595909840445,0.0057278204494272825,-0.07207947392591622,-0.0013794871404157682,0.0666115076184949
PatchTST,QELM,ETTm2,0,NaiveKD,1600,-5.715593798116755,1.3017720304802207e-08,-1.8022374745858831,-0.43847101927269344,0.008616315260506024
PatchTST,QELM,ETTm2,0,LegacyPersist,1600,-2.5069099670222847,0.012277702221884514,-0.38519666461693125,0.031008376292418677,0.014376144004896419
PatchTST,QELM,ETTm2,1,NaiveKD,1600,-9.67607966153437,1.4663193247409025e-21,-1.5860416336725467,-1.0048993482962252,0.030866368427632157
PatchTST,QELM,ETTm2,1,LegacyPersist,1600,-4.73240330423245,2.414486725302886e-06,-0.4011200217066798,-0.1471424444606528,0.03441142709264531
PatchTST,QELM,ETTm2,2,NaiveKD,1600,-7.490388371183383,1.1299746944361799e-13,-1.5570299819745124,-0.6074254783112557,0.011717627963995256
PatchTST,QELM,ETTm2,2,LegacyPersist,1600,-3.5258171763764645,0.0004340866462385003,-0.4597154295218642,-0.020740950256353335,0.013137154625063222
PatchTST,QELM,ETTm2,3,NaiveKD,1600,-9.392640585532664,1.9438957360013133e-20,-1.298650071837008,-0.7287340220832269,0.021803990544676962
PatchTST,QELM,ETTm2,3,LegacyPersist,1600,-3.6148138349423196,0.000309879672044631,-0.2910743131395429,-0.054837241922970896,0.03220330126351798
PatchTST,QELM,ETTm2,4,NaiveKD,1600,-8.944990855257437,1.004127470750047e-18,-1.7819997685768176,-0.9813914170314094,0.02601199038249416
PatchTST,QELM,ETTm2,4,LegacyPersist,1600,-5.62565145166693,2.177961355218235e-08,-0.6340224212610628,-0.21940192032139755,0.023906987646573646
PatchTST,QELM,Energy,0,NaiveKD,1600,-6.457127232741621,1.4117666764328858e-10,-357.89120786762237,-208.29046155977252,0.044831022925127535
PatchTST,QELM,Energy,0,LegacyPersist,1600,-6.919590618608164,6.531719614065949e-12,-392.3269276328087,-221.94603876399998,0.04436408543528949
PatchTST,QELM,Energy,1,NaiveKD,1600,-4.729482761311176,2.448990789414032e-06,-642.1226178355217,-109.2607464442254,0.007175239484930305
PatchTST,QELM,Energy,1,LegacyPersist,1600,-4.498164781778996,7.34866502783174e-06,-706.2672130446433,-104.58851340532316,0.006595202282661344
PatchTST,QELM,Energy,2,NaiveKD,1600,-1.4241413917909467,0.1546006610396247,-84.42382770109177,22.23435782241818,0.07449081752600825
PatchTST,QELM,Energy,2,LegacyPersist,1600,-0.5818109416400137,0.5607760461483848,-46.97900513458252,34.59322612953186,0.083395963396529
PatchTST,QELM,Energy,3,NaiveKD,1600,-5.20475086859915,2.1940423760939278e-07,-259.6510933790207,-92.24134907722484,0.0334891496103255
PatchTST,QELM,Energy,3,LegacyPersist,1600,-4.509464270243973,6.972609787223003e-06,-199.78777303457258,-52.26373382663728,0.03163302647687155
PatchTST,QELM,Energy,4,NaiveKD,1600,-5.060176401762668,4.672236478289919e-07,-406.3830750088692,-159.65031475353243,0.06357298015763888
PatchTST,QELM,Energy,4,LegacyPersist,1600,-4.075581000249908,4.815185943382135e-05,-466.11643603277207,-128.64407303094885,0.04648045820252519
PatchTST,QELM,ExchangeRate,0,NaiveKD,607,-8.982262638993644,3.3321898957664525e-18,-0.0035715594811977194,-0.0020167860810171596,0.030946195612114574
PatchTST,QELM,ExchangeRate,0,LegacyPersist,607,-5.564552721717855,3.949033589543051e-08,-0.0021881947674385013,-0.0010064574514125988,0.06432268807885257
PatchTST,QELM,ExchangeRate,1,NaiveKD,607,-3.862676644506966,0.00012422614860944722,-0.001676157310073221,-0.0004997669239210113,0.024539248456694873
PatchTST,QELM,ExchangeRate,1,LegacyPersist,607,-0.999036764697271,0.3181756241795899,-0.0004486853827486855,5.531116985965983e-05,0.037108808982671694
PatchTST,QELM,ExchangeRate,2,NaiveKD,607,-46.67948125681915,7.447496004804534e-203,-0.002384032970186955,-0.0021585735220836454,0.01749066492501985
PatchTST,QELM,ExchangeRate,2,LegacyPersist,607,12.43646118792236,8.73305296212679e-32,0.0008170864320800469,0.0011433671388155252,0.033699628649579205
PatchTST,QELM,ExchangeRate,3,NaiveKD,607,0.5510661489507117,0.5817914351113289,-0.0003260373480424678,0.0007423575372815659,0.023440716600912702
PatchTST,QELM,ExchangeRate,3,LegacyPersist,607,1.2598960472506129,0.2081918382047915,-0.00012352402354406477,0.0008376974701464076,0.02782230944117576
PatchTST,QELM,ExchangeRate,4,NaiveKD,607,-2.7015365253919628,0.007095141839905728,-0.0010283415105759245,-0.00018386215609621088,0.03818166526423381
PatchTST,QELM,ExchangeRate,4,LegacyPersist,607,2.022060472587765,0.043608970405101775,2.064063428376404e-05,0.0002753451909302984,0.20160130575257024
PatchTST,QELM,Jena,0,NaiveKD,1600,-5.403653577848618,7.515663280565112e-08,-0.8860635618157684,-0.31785144409723604,0.026512109863955486
PatchTST,QELM,Jena,0,LegacyPersist,1600,-1.9866739371097235,0.04712897595381322,-0.06213036955357529,0.008286286827176796,0.07009172432887927
PatchTST,QELM,Jena,1,NaiveKD,1600,-3.5121588194964053,0.00045683750861398717,-0.3643857050812803,-0.05789706231118181,0.033721385667081764
PatchTST,QELM,Jena,1,LegacyPersist,1600,-1.3124057533136995,0.18957161681025442,-0.11139296953426674,0.026058093591825975,0.051763419415140996
PatchTST,QELM,Jena,2,NaiveKD,1600,-8.413994906383877,8.668448679030869e-17,-0.7825809950798284,-0.3863279016944581,0.018534740353945492
PatchTST,QELM,Jena,2,LegacyPersist,1600,-3.5296716231126037,0.0004278604525234598,-0.20839674437604844,-0.06645908704027535,0.04403185439244294
PatchTST,QELM,Jena,3,NaiveKD,1600,-3.834116507219221,0.00013090470593642473,-0.7679561894210055,-0.1368849476478063,0.021621250993754094
PatchTST,QELM,Jena,3,LegacyPersist,1600,-2.8338963679990283,0.004656176781433287,-0.33732028420222926,-0.024975953037152283,0.028429661422173236
PatchTST,QELM,Jena,4,NaiveKD,1600,-3.2294845953527385,0.0012653122492351217,-0.5184774961071089,-0.06734377988195048,0.03552344281946221
PatchTST,QELM,Jena,4,LegacyPersist,1600,0.19898361436292222,0.8423008597833841,-0.08942276178835891,0.09848023072583588,0.057863696409634804
PatchTST,QELM-NISQ,AAPL,0,NaiveKD,486,-0.8074020471985514,0.4198306767312865,-4.886222213751985e-07,3.3203154081792987e-07,1.0
PatchTST,QELM-NISQ,AAPL,0,LegacyPersist,486,-0.6695259679275501,0.5034786243516034,-6.720524131791828e-05,1.677261797688256e-05,1.0
PatchTST,QELM-NISQ,AAPL,1,NaiveKD,486,-1.1769256005529063,0.23980247517317613,-7.199943199784422e-07,2.8580440583910467e-08,1.0
PatchTST,QELM-NISQ,AAPL,1,LegacyPersist,486,-2.217360797735575,0.027061262565339736,-9.695230887382609e-07,-1.9926096814772788e-07,1.0
PatchTST,QELM-NISQ,AAPL,2,NaiveKD,486,4.390692156153801,1.3880527491793352e-05,3.705463284021052e-07,6.307929240688374e-07,1.0
PatchTST,QELM-NISQ,AAPL,2,LegacyPersist,486,6.070170789424071,2.579479960052245e-09,1.2511041574946648e-06,2.0397428438496683e-06,0.8554196612448605
PatchTST,QELM-NISQ,AAPL,3,NaiveKD,486,-1.9452732151635859,0.052319569710523844,-7.56986126870898e-07,2.561738798893037e-07,1.0
PatchTST,QELM-NISQ,AAPL,3,LegacyPersist,486,-0.16821196009791878,0.8664866542190477,-5.305657434419043e-05,7.699035283431041e-05,1.0
PatchTST,QELM-NISQ,AAPL,4,NaiveKD,486,-0.8945110758000654,0.37149219279672907,-4.6380764877599945e-07,-9.708415042348827e-09,1.0
PatchTST,QELM-NISQ,AAPL,4,LegacyPersist,486,-2.211055336613965,0.027497763467746805,-3.542425034284101e-05,-7.705790672926502e-06,1.0
PatchTST,QELM-NISQ,ETTh1,0,NaiveKD,1393,-2.9248682130858974,0.003501829690064233,-0.18892623499110714,-0.011086271682383787,0.020667761095705617
PatchTST,QELM-NISQ,ETTh1,0,LegacyPersist,1393,-1.8789106637445483,0.06046550060554301,-0.09548203764698612,0.012522582723695538,0.03544845301998615
PatchTST,QELM-NISQ,ETTh1,1,NaiveKD,1393,-13.881756396008797,3.9309949230629597e-41,-1.8445504023779749,-1.0705526043812708,0.0059440854316694
PatchTST,QELM-NISQ,ETTh1,1,LegacyPersist,1393,-12.68855152703973,5.460921571666171e-35,-1.2232328408584265,-0.6660792024013216,0.005962912451709359
PatchTST,QELM-NISQ,ETTh1,2,NaiveKD,1393,-29.564575456649987,1.73729009613254e-149,-3.268559889158412,-2.5506790981178056,0.007354531219619943
PatchTST,QELM-NISQ,ETTh1,2,LegacyPersist,1393,-15.237239372462751,1.3284772571729114e-48,-0.851520606207916,-0.5306334079167694,0.008492524700940538
PatchTST,QELM-NISQ,ETTh1,3,NaiveKD,1393,-2.124857225442983,0.033774299156220405,-0.507932410824025,0.04503824080942942,0.02252513249836716
PatchTST,QELM-NISQ,ETTh1,3,LegacyPersist,1393,-0.681035830780942,0.49596209056871454,-0.02680598095711922,0.010626242217813027,0.14648376151493367
PatchTST,QELM-NISQ,ETTh1,4,NaiveKD,1393,-3.7903055491625475,0.00015689019231485506,-0.09761462190642428,-0.029590168771817374,0.06047323303304838
PatchTST,QELM-NISQ,ETTh1,4,LegacyPersist,1393,-2.1637147556960454,0.030655915268906847,-0.05055801777405783,0.005817040214843227,0.09537834587172536
PatchTST,QELM-NISQ,ETTm2,0,NaiveKD,1600,-5.800777981293402,7.941145203599188e-09,-1.803269033914432,-0.4547972070877441,0.00895603072513968
PatchTST,QELM-NISQ,ETTm2,0,LegacyPersist,1600,-2.4796237909357517,0.013254466101737387,-0.3698947412702255,0.03179300837242043,0.01433124891862277
PatchTST,QELM-NISQ,ETTm2,1,NaiveKD,1600,-10.024540733767315,5.580262224670232e-23,-1.7044860512632876,-1.095940654056147,0.03035514775083831
PatchTST,QELM-NISQ,ETTm2,1,LegacyPersist,1600,-5.21807331397095,2.0444387457613815e-07,-0.46946652144938705,-0.2384028664845975,0.03815395709086271
PatchTST,QELM-NISQ,ETTm2,2,NaiveKD,1600,-7.497987992843491,1.0684706579233517e-13,-1.7439923026910984,-0.7056715191630648,0.013330843819818819
PatchTST,QELM-NISQ,ETTm2,2,LegacyPersist,1600,-2.8668162212313955,0.004200543456136943,-0.4455149981614668,0.030193361157085714,0.013493505537659628
PatchTST,QELM-NISQ,ETTm2,3,NaiveKD,1600,-8.86442522434785,2.00579744937736e-18,-1.3666436021951958,-0.7447605532486924,0.022159418196597613
PatchTST,QELM-NISQ,ETTm2,3,LegacyPersist,1600,-2.957635169301323,0.0031455875271690823,-0.20629447929305023,-0.02008096222858884,0.04262443422720747
PatchTST,QELM-NISQ,ETTm2,4,NaiveKD,1600,-8.88885106875379,1.627179473216639e-18,-1.7892984393595253,-1.010899054467911,0.026893878966582796
PatchTST,QELM-NISQ,ETTm2,4,LegacyPersist,1600,-5.426647528304958,6.624637768306705e-08,-0.5721029514949768,-0.1877813696046363,0.02492628860620273
PatchTST,QELM-NISQ,Energy,0,NaiveKD,1600,-6.2322068763488865,5.869923312841505e-10,-410.1691650285721,-214.66764537858967,0.03516858684673596
PatchTST,QELM-NISQ,Energy,0,LegacyPersist,1600,-7.839025369667439,8.227293980840602e-15,-441.3192907547951,-264.97287620592124,0.04616715450771984
PatchTST,QELM-NISQ,Energy,1,NaiveKD,1600,-4.700622880879184,2.8164211323959746e-06,-595.1215879306793,-105.98866089868555,0.00802637620931135
PatchTST,QELM-NISQ,Energy,1,LegacyPersist,1600,-4.581263083689561,4.9801339053683344e-06,-772.9800275216102,-121.80671752214444,0.0065431780320837985
PatchTST,QELM-NISQ,Energy,2,NaiveKD,1600,-1.349969916296434,0.17721669519628458,-85.39185532855988,24.788996988296507,0.07420026301245797
PatchTST,QELM-NISQ,Energy,2,LegacyPersist,1600,-0.12475992944375547,0.9007292930926591,-34.14528732919693,46.0999021949768,0.08403165452616629
PatchTST,QELM-NISQ,Energy,3,NaiveKD,1600,-5.158925008619145,2.79385604036718e-07,-276.119710395813,-93.74364168167119,0.030005275735308083
PatchTST,QELM-NISQ,Energy,3,LegacyPersist,1600,-4.136647226303364,3.707358394074547e-05,-192.9057810931206,-42.37566867494586,0.03091873562861538
PatchTST,QELM-NISQ,Energy,4,NaiveKD,1600,-4.876714241788021,1.185971291564451e-06,-440.2953245868683,-172.14989112949374,0.06175042633239855
PatchTST,QELM-NISQ,Energy,4,LegacyPersist,1600,-4.585502391706725,4.881427264163489e-06,-467.4218733458519,-157.27735510015498,0.05436541486591893
PatchTST,QELM-NISQ,ExchangeRate,0,NaiveKD,607,-5.259725367664019,2.0036352856159967e-07,-0.002293957956451723,-0.0009717454820126457,0.0354742234269982
PatchTST,QELM-NISQ,ExchangeRate,0,LegacyPersist,607,-5.939380668356748,4.823060105234216e-09,-0.002868561442677527,-0.0013510553745470046,0.054457815726182364
PatchTST,QELM-NISQ,ExchangeRate,1,NaiveKD,607,-5.930315562489969,5.0815718969712604e-09,-0.0019883874042670793,-0.0009954632480893074,0.026335712858179476
PatchTST,QELM-NISQ,ExchangeRate,1,LegacyPersist,607,-1.8836059581061013,0.06009686661320059,-0.0004200301930550762,-6.507980398284473e-05,0.05708800286997764
PatchTST,QELM-NISQ,ExchangeRate,2,NaiveKD,607,-21.700415085317076,1.0673772987159594e-77,-0.0031215659945687704,-0.00261111767437843,0.030849771377291373
PatchTST,QELM-NISQ,ExchangeRate,2,LegacyPersist,607,1.260826030819002,0.20785673508324426,-4.4679631904086725e-05,0.00030943906729460934,0.05640942886426623
PatchTST,QELM-NISQ,ExchangeRate,3,NaiveKD,607,-1.0953705603620179,0.27378946627321205,-0.0011157069564969593,0.000485537551438184,0.02037494684694585
PatchTST,QELM-NISQ,ExchangeRate,3,LegacyPersist,607,2.2791615189137904,0.023004344362915628,3.6760113197048937e-05,0.001294402971288766,0.027994170730205544
PatchTST,QELM-NISQ,ExchangeRate,4,NaiveKD,607,-2.972055128772432,0.0030754954696828652,-0.0018495619891282736,-0.00036262989424313294,0.03363920473265384
PatchTST,QELM-NISQ,ExchangeRate,4,LegacyPersist,607,-0.6196944699053456,0.5356918809441071,-0.00019740858737607924,5.986744756971466e-05,0.14091819452014803
PatchTST,QELM-NISQ,Jena,0,NaiveKD,1600,-5.395073798874601,7.877037450982118e-08,-0.8939294218183496,-0.30918678239732994,0.02611787152881263
PatchTST,QELM-NISQ,Jena,0,LegacyPersist,1600,-1.3927476030279067,0.163889742348032,-0.05012804412143305,0.01353411550563759,0.0763541998445442
PatchTST,QELM-NISQ,Jena,1,NaiveKD,1600,-3.552142558020072,0.00039319292784638647,-0.3923928561087232,-0.06481585522438404,0.03179481603593341
PatchTST,QELM-NISQ,Jena,1,LegacyPersist,1600,-1.1513769054219831,0.24974934162314621,-0.11499539661337622,0.03463906352128827,0.05066274876238806
PatchTST,QELM-NISQ,Jena,2,NaiveKD,1600,-8.035063169349849,1.79938634339406e-15,-0.7273775232201443,-0.32876320896740074,0.0150376605754725
PatchTST,QELM-NISQ,Jena,2,LegacyPersist,1600,-3.2174825937336444,0.0013191019978192188,-0.19914847042225303,-0.0505164532209747,0.04235227151330545
PatchTST,QELM-NISQ,Jena,3,NaiveKD,1600,-3.2443813285193466,0.0012013692065520531,-0.7387816924890503,-0.08767010382888858,0.021556256249430254
PatchTST,QELM-NISQ,Jena,3,LegacyPersist,1600,-2.1762891358791303,0.029679589518645397,-0.3073410829626955,0.012084283675066948,0.027888935258671338
PatchTST,QELM-NISQ,Jena,4,NaiveKD,1600,-3.3553878326087636,0.0008110948786632175,-0.5236323198159225,-0.07709549963846807,0.03545398126555913
PatchTST,QELM-NISQ,Jena,4,LegacyPersist,1600,-1.0801408822060803,0.28024233896060513,-0.14080379606154747,0.05595369789749383,0.06064486985585684
PatchTST,ClassicalELM,AAPL,0,NaiveKD,486,-1.3596866990252507,0.17456085326948784,-2.173977087677261e-08,4.890784927846961e-09,1.0
PatchTST,ClassicalELM,AAPL,0,LegacyPersist,486,-0.7943193652526354,0.4273980208116014,-0.0001128948442139682,2.641028632628329e-05,0.8182650041734829
PatchTST,ClassicalELM,AAPL,1,NaiveKD,486,1.2672031067166867,0.20569079871300885,-6.124020818574928e-10,1.447061613324738e-08,1.0
PatchTST,ClassicalELM,AAPL,1,LegacyPersist,486,0.9164489950437446,0.359886905572818,-2.5286823712335325e-05,3.032649871069214e-05,1.0
PatchTST,ClassicalELM,AAPL,2,NaiveKD,486,-2.0329649954718323,0.042600150634912536,-1.1306658479166618e-09,-1.8391704547061866e-10,1.0
PatchTST,ClassicalELM,AAPL,2,LegacyPersist,486,-4.005130912566758,7.170604085257067e-05,-0.00012180812368476036,-4.752402226421446e-05,0.9063516655399962
PatchTST,ClassicalELM,AAPL,3,NaiveKD,486,,,0.0,0.0,1.0
PatchTST,ClassicalELM,AAPL,3,LegacyPersist,486,,,0.0,0.0,1.0
PatchTST,ClassicalELM,AAPL,4,NaiveKD,486,,,0.0,0.0,1.0
PatchTST,ClassicalELM,AAPL,4,LegacyPersist,486,-1.9051765679391972,0.05734825911657137,-3.512492801020604e-05,-4.506372624372021e-06,1.0
PatchTST,ClassicalELM,ETTh1,0,NaiveKD,1393,-0.03081956699344502,0.9754178537154067,-0.00046656215556730747,0.000312012988119269,0.1316728982563031
PatchTST,ClassicalELM,ETTh1,0,LegacyPersist,1393,-1.0105053228277414,0.31242886473355796,-0.026038159102693532,0.010431617125066489,0.12199564990696785
PatchTST,ClassicalELM,ETTh1,1,NaiveKD,1393,,,0.0,0.0,1.0
PatchTST,ClassicalELM,ETTh1,1,LegacyPersist,1393,4.919179549614308,9.725064943735367e-07,0.037617901666123325,0.09378388264649049,0.04078993095800264
PatchTST,ClassicalELM,ETTh1,2,NaiveKD,1393,6.594006495150354,6.062250437652433e-11,0.04021580549009139,0.1069356225227719,0.014791994498963124
PatchTST,ClassicalELM,ETTh1,2,LegacyPersist,1393,-0.006474464388958182,0.9948350886308333,-0.014111633030249758,0.027484803048296102,0.09094104850078892
PatchTST,ClassicalELM,ETTh1,3,NaiveKD,1393,-4.103483048280322,4.3059249949090466e-05,-0.03200265242205365,-0.007922156562136818,0.02822575435769582
PatchTST,ClassicalELM,ETTh1,3,LegacyPersist,1393,3.298407639791751,0.0009969036440128976,0.008566240661985483,0.05271096060430925,0.0488308408649885
PatchTST,ClassicalELM,ETTh1,4,NaiveKD,1393,-0.6506208384441369,0.515398647303532,-0.0028643364641662986,0.002318387770087959,0.05461650489999754
PatchTST,ClassicalELM,ETTh1,4,LegacyPersist,1393,1.6592905303545198,0.0972825233003881,-0.002907097627918924,0.028099033048233357,0.09947146553119422
PatchTST,ClassicalELM,ETTm2,0,NaiveKD,1600,-3.896028544732256,0.00010181618074460337,-0.23987440335936844,-0.017884191633202172,0.015076419286254073
PatchTST,ClassicalELM,ETTm2,0,LegacyPersist,1600,0.6291541661772035,0.5293380031052382,-0.04735738569963724,0.05905172861134633,0.04515386942306203
PatchTST,ClassicalELM,ETTm2,1,NaiveKD,1600,-3.608047138057237,0.00031800526115458375,-0.272121790403733,-0.03905216759792531,0.029848851324036425
PatchTST,ClassicalELM,ETTm2,1,LegacyPersist,1600,-2.8261872500121052,0.004769150797877338,-0.2443499191259034,-0.025476502161938915,0.03518792318532434
PatchTST,ClassicalELM,ETTm2,2,NaiveKD,1600,-2.2395868137705164,0.025254740608178484,-0.1435509707913734,0.004317725898232218,0.0466572496739228
PatchTST,ClassicalELM,ETTm2,2,LegacyPersist,1600,-1.2355189805415547,0.21681890655426045,-0.11502660702448338,0.034779312489088623,0.05534440586980637
PatchTST,ClassicalELM,ETTm2,3,NaiveKD,1600,-1.3050786263817513,0.1920538468517905,-0.08195588667201809,0.01604186817398288,0.02673113773728561
PatchTST,ClassicalELM,ETTm2,3,LegacyPersist,1600,0.6899535672808838,0.49032350919905077,-0.029270338789094238,0.03474550005840136,0.0878155981737926
PatchTST,ClassicalELM,ETTm2,4,NaiveKD,1600,2.1290630160229447,0.03340148372249148,0.00162302685296163,0.10554572355956768,0.05811296021298311
PatchTST,ClassicalELM,ETTm2,4,LegacyPersist,1600,-1.6692130094950222,0.09527092410451216,-0.06091576362238266,0.0008559548456687401,0.07277118153817565
PatchTST,ClassicalELM,Energy,0,NaiveKD,1600,-2.499472486936902,0.012537404439298854,-80.96705168581009,-1.343016883850131,0.031126668862370463
PatchTST,ClassicalELM,Energy,0,LegacyPersist,1600,-1.6564954853321514,0.09781771242987865,-86.41810285663604,9.56288142395019,0.059431940291046585
PatchTST,ClassicalELM,Energy,1,NaiveKD,1600,1.1198461575204812,0.26294750335683087,-13.804617863655091,60.20129664039607,0.022522264345859334
PatchTST,ClassicalELM,Energy,1,LegacyPersist,1600,-0.6783120570043417,0.4976720042715541,-27.450601338386534,11.461958177089683,0.27731985645226537
PatchTST,ClassicalELM,Energy,2,NaiveKD,1600,-5.4812248709901015,4.900450273351711e-08,-53.42027877998352,-22.25857462835312,0.079133776638148
PatchTST,ClassicalELM,Energy,2,LegacyPersist,1600,-1.3252472573100373,0.18527848197912344,-21.890222045898437,-0.03624777889251848,0.2875401690647336
PatchTST,ClassicalELM,Energy,3,NaiveKD,1600,-4.547509352739649,5.837244488249173e-06,-34.26934050130844,-12.9790847940445,0.1024533274624074
PatchTST,ClassicalELM,Energy,3,LegacyPersist,1600,-3.30503023588495,0.0009706755833304877,-55.127132551193235,-15.918064533710483,0.13108146593913883
PatchTST,ClassicalELM,Energy,4,NaiveKD,1600,0.2426039408802942,0.8083433416531031,-44.51641601848603,62.741840869903484,0.09463746587730815
PatchTST,ClassicalELM,Energy,4,LegacyPersist,1600,-0.30090810544291385,0.763523690471899,-29.407849957466127,26.10463017082214,0.12913367733587344
PatchTST,ClassicalELM,ExchangeRate,0,NaiveKD,607,5.162635595142841,3.3064570558491177e-07,0.00021176397771869142,0.0006762110827455398,0.038659065562131965
PatchTST,ClassicalELM,ExchangeRate,0,LegacyPersist,607,3.9615874417387476,8.331048167805406e-05,5.350726597353239e-05,0.0006151375651441642,0.4209511022315959
PatchTST,ClassicalELM,ExchangeRate,1,NaiveKD,607,-7.137985269112722,2.718595447290077e-12,-0.0011431379180825033,-0.0004357523017068511,0.006633303645882433
PatchTST,ClassicalELM,ExchangeRate,1,LegacyPersist,607,0.2339732213727563,0.8150847884203289,-0.0003099298709159628,0.00028636725666902836,0.012572844693545608
PatchTST,ClassicalELM,ExchangeRate,2,NaiveKD,607,12.924537866674804,6.368551437872347e-34,5.015746431035501e-05,7.012904923918613e-05,0.01696706765628046
PatchTST,ClassicalELM,ExchangeRate,2,LegacyPersist,607,4.187356854238679,3.2411921296814844e-05,0.00019211147158503336,0.000594702873630618,0.03691557032154416
PatchTST,ClassicalELM,ExchangeRate,3,NaiveKD,607,1.9141437588225156,0.056072468488237784,7.3582761636375155e-06,0.00020644690429475726,0.028409403175325254
PatchTST,ClassicalELM,ExchangeRate,3,LegacyPersist,607,0.748293490534403,0.4545734553362003,-0.0007023297411756348,0.0009304944335680939,0.010450335272264286
PatchTST,ClassicalELM,ExchangeRate,4,NaiveKD,607,0.7286795327548701,0.46647921141151927,-0.0001368027197502406,0.00024900894616485024,0.07624566753261412
PatchTST,ClassicalELM,ExchangeRate,4,LegacyPersist,607,1.5032662327458244,0.13329133795119863,-4.129686785625567e-06,0.00022673031760731018,0.1820835704210106
PatchTST,ClassicalELM,Jena,0,NaiveKD,1600,-1.3759618766318453,0.16902611855798513,-0.021026843490311878,0.00507363701798021,0.07933579930003162
PatchTST,ClassicalELM,Jena,0,LegacyPersist,1600,-3.871131234970695,0.00011269129720089216,-0.07222180050238967,-0.02037174963112921,0.06021811570260489
PatchTST,ClassicalELM,Jena,1,NaiveKD,1600,-3.0098859941477323,0.0026543585066799076,-0.0368207999910228,-0.005690344994422052,0.07392804609793714
PatchTST,ClassicalELM,Jena,1,LegacyPersist,1600,1.7163927446886074,0.08628386323025661,-0.005279771781992167,0.06333253242727363,0.09080343005868934
PatchTST,ClassicalELM,Jena,2,NaiveKD,1600,5.541035470792524,3.5107008181620924e-08,0.025039636849891394,0.06443226108024827,0.048092178183720545
PatchTST,ClassicalELM,Jena,2,LegacyPersist,1600,4.888677175806139,1.117134306844897e-06,0.049398749298416075,0.14773796805250458,0.05014202587966537
PatchTST,ClassicalELM,Jena,3,NaiveKD,1600,-1.633041488814694,0.10265714897613065,-0.04443992046639323,0.007436523370444774,0.03995495630459267
PatchTST,ClassicalELM,Jena,3,LegacyPersist,1600,-0.5865944685437732,0.557558899310433,-0.05997773580183275,0.022843257448403164,0.0736041976946473
PatchTST,ClassicalELM,Jena,4,NaiveKD,1600,3.16373062432148,0.001586906335573372,0.008685879695229232,0.11289533021626987,0.03231671708423392
PatchTST,ClassicalELM,Jena,4,LegacyPersist,1600,0.018072416896144874,0.9855833371648254,-0.03815033872518688,0.0397074109567329,0.06761280984297492
N-HiTS,QELM,AAPL,0,NaiveKD,486,1.1551169343427221,0.24861132077406853,-4.62633530789442e-09,8.92316255672478e-09,1.0
N-HiTS,QELM,AAPL,0,LegacyPersist,486,-1.5669616142687903,0.11777585240266526,-8.438896778741e-05,5.589047094247467e-06,0.6618875341743444
N-HiTS,QELM,AAPL,1,NaiveKD,486,0.9084072087395113,0.36411427865206847,3.832603187718019e-12,4.599123825261622e-11,1.0
N-HiTS,QELM,AAPL,1,LegacyPersist,486,-0.641221419588435,0.5216817223750281,-1.59784351425713e-05,3.637750230637597e-05,0.7876319175792931
N-HiTS,QELM,AAPL,2,NaiveKD,486,-0.8397302206940631,0.4014734013729133,-3.8326031877180186e-11,0.0,1.0
N-HiTS,QELM,AAPL,2,LegacyPersist,486,-1.6978082569771331,0.09018541642888574,-2.9303024641770883e-05,-3.1305240359877975e-06,0.5349324005283194
N-HiTS,QELM,AAPL,3,NaiveKD,486,,,0.0,0.0,1.0
N-HiTS,QELM,AAPL,3,LegacyPersist,486,0.4622974187561152,0.6440753675638158,-2.230753779120038e-05,6.452355296216874e-05,0.8760812452876063
N-HiTS,QELM,AAPL,4,NaiveKD,486,,,0.0,0.0,1.0
N-HiTS,QELM,AAPL,4,LegacyPersist,486,0.8483751954307155,0.3966475582710226,-1.2337023760249585e-05,1.0486497589743427e-05,0.7575906199384991
N-HiTS,QELM,ETTh1,0,NaiveKD,1393,-1.77569524609353,0.07600159175892289,-0.1284961459255655,0.011107169207230965,0.06268649568320377
N-HiTS,QELM,ETTh1,0,LegacyPersist,1393,-1.855567066935903,0.06372654139235079,-0.0631282272286665,0.004448979340991038,0.11172044443210605
N-HiTS,QELM,ETTh1,1,NaiveKD,1393,-12.549410823600057,2.6654253703478878e-34,-1.7634460585383058,-0.9921561847347966,0.006746804483542823
N-HiTS,QELM,ETTh1,1,LegacyPersist,1393,-10.582212383346036,3.1774870424944093e-25,-0.6375490530726299,-0.3474140148746268,0.010651833812519336
N-HiTS,QELM,ETTh1,2,NaiveKD,1393,-21.131527805521742,3.433864755465563e-86,-3.458265651734673,-2.4696261988459347,0.008443861016675448
N-HiTS,QELM,ETTh1,2,LegacyPersist,1393,-8.324194472104123,2.0041381908785612e-16,-0.23845307753345815,-0.15016135115387708,0.06409276537217853
N-HiTS,QELM,ETTh1,3,NaiveKD,1393,-3.097171965000643,0.0019928144107318507,-0.5244227169917286,-0.05356197529937115,0.0279102940863259
N-HiTS,QELM,ETTh1,3,LegacyPersist,1393,0.6210239451397991,0.5346855417917057,-0.02189953908891192,0.0359328690325281,0.05598305363674814
N-HiTS,QELM,ETTh1,4,NaiveKD,1393,-3.6631277266623345,0.00025849843694718223,-0.18449945201761672,-0.0399990073678653,0.059872633259314655
N-HiTS,QELM,ETTh1,4,LegacyPersist,1393,-0.06083402069602666,0.9515001285951132,-0.04078555331543377,0.03372575664693558,0.11643391047810034
N-HiTS,QELM,ETTm2,0,NaiveKD,1600,-6.3312578476613135,3.1516935557435113e-10,-1.8229206690676512,-0.740064719690243,0.02520717437023114
N-HiTS,QELM,ETTm2,0,LegacyPersist,1600,-2.7771504275050276,0.0055477829999253,-0.31869448147714136,-0.0176400480247105,0.035461850255924646
N-HiTS,QELM,ETTm2,1,NaiveKD,1600,-11.352917118309165,8.775733119819925e-29,-1.6676976142264903,-1.1212652466869915,0.029900944921003453
N-HiTS,QELM,ETTm2,1,LegacyPersist,1600,-5.440861023550789,6.126035143525007e-08,-0.5082999969702213,-0.22604603456007324,0.03212865982599332
N-HiTS,QELM,ETTm2,2,NaiveKD,1600,-6.180827515840762,8.07625408711982e-10,-1.4998576922127977,-0.48943660018919055,0.013182260552177942
N-HiTS,QELM,ETTm2,2,LegacyPersist,1600,-2.923406781706996,0.003510936119570948,-0.4670369751621038,-0.010236357351765082,0.020496581138420844
N-HiTS,QELM,ETTm2,3,NaiveKD,1600,-10.555019183640134,3.1824601931075456e-25,-1.5242624325496144,-0.9272158921970989,0.02693459241100248
N-HiTS,QELM,ETTm2,3,LegacyPersist,1600,-6.1413105486803685,1.0305877412294422e-09,-0.36234769349941054,-0.1757652423691471,0.051368321113241425
N-HiTS,QELM,ETTm2,4,NaiveKD,1600,-10.857491905133934,1.5108114526112212e-26,-1.7387366761188023,-1.0515622877336572,0.025250572782344587
N-HiTS,QELM,ETTm2,4,LegacyPersist,1600,-5.756316335550289,1.028677436177314e-08,-0.5301526690272149,-0.23560351136326804,0.03728467143001732
N-HiTS,QELM,Energy,0,NaiveKD,1600,-6.712858906623782,2.642461262745394e-11,-347.05877901411054,-205.54288312959673,0.04285215473316022
N-HiTS,QELM,Energy,0,LegacyPersist,1600,-6.827280527966572,1.224940474810733e-11,-348.57168032598497,-209.7552239136696,0.05191751650615433
N-HiTS,QELM,Energy,1,NaiveKD,1600,-4.430334567398663,1.0047960885142921e-05,-647.5349278144836,-102.9573417234421,0.007432057186162176
N-HiTS,QELM,Energy,1,LegacyPersist,1600,-4.347811393668505,1.4618082433527633e-05,-685.5003225569725,-105.8552291707999,0.00754872058929369
N-HiTS,QELM,Energy,2,NaiveKD,1600,-0.4788255888779488,0.6321281791380686,-56.02379530954361,55.686620056629174,0.0905079333908893
N-HiTS,QELM,Energy,2,LegacyPersist,1600,0.514312693203363,0.6071044611942692,-16.647513835430143,76.86175394725788,0.10217042775898712
N-HiTS,QELM,Energy,3,NaiveKD,1600,-3.9592993417921707,7.846862897845689e-05,-282.5915270576477,-66.55862469816212,0.0360871268301199
N-HiTS,QELM,Energy,3,LegacyPersist,1600,-3.630517321720485,0.0002917662210686397,-239.09105799245836,-55.99144480133058,0.04500846809398425
N-HiTS,QELM,Energy,4,NaiveKD,1600,-2.6090026576283343,0.009165324172963962,-354.4704425582886,-51.59102248287204,0.06308173787042295
N-HiTS,QELM,Energy,4,LegacyPersist,1600,-2.303651731226814,0.021369932279504095,-305.84744154834743,-21.338780099868792,0.06566283503870539
N-HiTS,QELM,ExchangeRate,0,NaiveKD,607,-1.631807528764689,0.10323954891418902,-0.0008558087044921389,6.760350645529755e-05,0.0593585330356402
N-HiTS,QELM,ExchangeRate,0,LegacyPersist,607,-0.037421868589758635,0.9701609601270649,-0.00017159654553849222,0.00022541656474547563,0.06821265757015903
N-HiTS,QELM,ExchangeRate,1,NaiveKD,607,-6.48183430194673,1.8791586190529716e-10,-0.0057278128220205685,-0.002782063334065997,0.02851454072817774
N-HiTS,QELM,ExchangeRate,1,LegacyPersist,607,-0.13997609480336873,0.8887253876051612,-0.0007342452511035636,0.0003486841635109583,0.044179247355090635
N-HiTS,QELM,ExchangeRate,2,NaiveKD,607,-9.470386896118516,6.140863726099292e-20,-0.011759213094052565,-0.008191327383217003,0.03393541253679943
N-HiTS,QELM,ExchangeRate,2,LegacyPersist,607,-2.131545760542153,0.033445881739449845,-0.0008570218429044564,-0.00023558979923606765,0.05050601467238908
N-HiTS,QELM,ExchangeRate,3,NaiveKD,607,-2.862111743541858,0.004353614790137348,-0.0017119496957785595,2.1417313856624953e-05,0.021362305114537693
N-HiTS,QELM,ExchangeRate,3,LegacyPersist,607,0.05753140089201797,0.9541408576149848,-0.00018185211921492792,0.00019844677317480938,0.07579388878312698
N-HiTS,QELM,ExchangeRate,4,NaiveKD,607,-0.4103176205898018,0.6817179927453692,-0.000415670492493009,0.0003794943303835639,0.05074420912726704
N-HiTS,QELM,ExchangeRate,4,LegacyPersist,607,1.2998479423485494,0.1941472950429735,-2.6814793233676848e-05,0.0004519007865380176,0.08755376472898199
N-HiTS,QELM,Jena,0,NaiveKD,1600,-6.135884958010615,1.065548656446775e-09,-1.1838109139839654,-0.42500534312473626,0.014176385732964395
N-HiTS,QELM,Jena,0,LegacyPersist,1600,-3.479136933740904,0.0005165251378878456,-0.22587388827162794,-0.027029290447244433,0.02054350289222686
N-HiTS,QELM,Jena,1,NaiveKD,1600,-1.700882148169551,0.08915955391492629,-0.3422792914493475,0.09116283469274618,0.022249117194093664
N-HiTS,QELM,Jena,1,LegacyPersist,1600,-0.3231910760987243,0.7465927978539391,-0.059323920372407885,0.04917300506681203,0.06936083579439248
N-HiTS,QELM,Jena,2,NaiveKD,1600,-4.889591391762903,1.1120350592270242e-06,-0.39657124964054674,-0.1446264181714505,0.03260252554223567
N-HiTS,QELM,Jena,2,LegacyPersist,1600,-7.846585504376397,7.763720235517526e-15,-0.45364969254471366,-0.22272637569857767,0.022344846008030026
N-HiTS,QELM,Jena,3,NaiveKD,1600,-2.9463685946933484,0.0032618259268605704,-0.6456331883163657,-0.07224983776686718,0.025493766146692905
N-HiTS,QELM,Jena,3,LegacyPersist,1600,-1.400868776806035,0.16144735003180194,-0.1735833097170107,0.028220495059154818,0.055602300994968594
N-HiTS,QELM,Jena,4,NaiveKD,1600,-3.7095135655048104,0.00021475862630217948,-0.48256376961921343,-0.10434668581909505,0.029713634339311935
N-HiTS,QELM,Jena,4,LegacyPersist,1600,-1.883365853107321,0.059832157327216154,-0.16393360019288958,0.010605451009469092,0.037063581874509026
N-HiTS,QELM-NISQ,AAPL,0,NaiveKD,486,0.6715422207943933,0.5021948984509723,5.953489139737416e-08,1.6803972024485895e-06,0.8007672920441704
N-HiTS,QELM-NISQ,AAPL,0,LegacyPersist,486,-1.5482725207668466,0.12220894613060411,-8.298812344011087e-05,6.293060752436685e-06,0.6597434434971906
N-HiTS,QELM-NISQ,AAPL,1,NaiveKD,486,-1.742624958744161,0.08203296414438806,-7.861565967155582e-07,3.711503466644894e-07,0.8949352067334206
N-HiTS,QELM-NISQ,AAPL,1,LegacyPersist,486,-0.6389559403386116,0.5231532291570969,-1.5797476387686197e-05,3.625514280863503e-05,0.7891418415241895
N-HiTS,QELM-NISQ,AAPL,2,NaiveKD,486,-1.6559298701402356,0.09838283713685417,-3.93574812100748e-07,-1.9197365644660014e-08,1.0
N-HiTS,QELM-NISQ,AAPL,2,LegacyPersist,486,-1.7062191009836973,0.08860746690809074,-2.95169867571336e-05,-3.118129349371191e-06,0.5347575459104157
N-HiTS,QELM-NISQ,AAPL,3,NaiveKD,486,-2.144574242127744,0.03248313172726252,-4.1845806494907095e-05,8.844323561683972e-06,0.27328265253509537
N-HiTS,QELM-NISQ,AAPL,3,LegacyPersist,486,-0.4049851598919737,0.6856669825440642,-2.6001544609865164e-05,3.340149172792526e-05,0.8786318884647988
N-HiTS,QELM-NISQ,AAPL,4,NaiveKD,486,0.8077630952320898,0.41962296389484677,-1.6417497109790399e-07,5.942882889490803e-07,0.8519908959020649
N-HiTS,QELM-NISQ,AAPL,4,LegacyPersist,486,0.8299643730507722,0.4069672580385415,-1.2855995312302445e-05,1.0426794303343493e-05,0.7561302929108975
N-HiTS,QELM-NISQ,ETTh1,0,NaiveKD,1393,-2.5459567422470317,0.011004878799381446,-0.1771217448894959,0.0034152195654536576,0.020810569848109414
N-HiTS,QELM-NISQ,ETTh1,0,LegacyPersist,1393,-2.946436763552229,0.0032680598453011006,-0.08314081041806906,-0.017822047938075937,0.1251862559241668
N-HiTS,QELM-NISQ,ETTh1,1,NaiveKD,1393,-13.14104343110833,2.8676858466223117e-37,-1.6449635238514388,-0.9629336878026209,0.007154981242411265
N-HiTS,QELM-NISQ,ETTh1,1,LegacyPersist,1393,-12.17302239762609,1.812272720626795e-32,-0.8118805085219929,-0.4871604789527133,0.010482358325470655
N-HiTS,QELM-NISQ,ETTh1,2,NaiveKD,1393,-20.851875484276714,2.996423454907254e-84,-3.383081735680194,-2.4255607426006076,0.008804234079206138
N-HiTS,QELM-NISQ,ETTh1,2,LegacyPersist,1393,-9.283040499020903,6.110365332611739e-20,-0.4075940679734718,-0.24204171692788046,0.05389532958323582
N-HiTS,QELM-NISQ,ETTh1,3,NaiveKD,1393,-3.4233867748673625,0.0006364146670128366,-0.6375558493660237,-0.08949125930506467,0.026299386668040825
N-HiTS,QELM-NISQ,ETTh1,3,LegacyPersist,1393,1.2220566073602466,0.22189311674459206,-0.01527608186006546,0.04977405118005187,0.04863034882510727
N-HiTS,QELM-NISQ,ETTh1,4,NaiveKD,1393,-4.447674648108947,9.371072537568915e-06,-0.23375696611870814,-0.06629977988644804,0.05029548204383027
N-HiTS,QELM-NISQ,ETTh1,4,LegacyPersist,1393,-1.8899234824740911,0.05897580032034093,-0.06292644477177248,0.0011084096494203613,0.14755744021123496
N-HiTS,QELM-NISQ,ETTm2,0,NaiveKD,1600,-6.841854331604102,1.1097388039126853e-11,-1.9638031218899414,-0.8429127811049115,0.024947557284694763
N-HiTS,QELM-NISQ,ETTm2,0,LegacyPersist,1600,-2.8304152835643905,0.004706886894780428,-0.30956443025707264,-0.02335929281287834,0.03829545552597536
N-HiTS,QELM-NISQ,ETTm2,1,NaiveKD,1600,-9.342318227587148,3.054271153805955e-20,-1.5101718611256219,-0.9882325717220085,0.031062758774474737
N-HiTS,QELM-NISQ,ETTm2,1,LegacyPersist,1600,-5.437774888879252,6.231102244119865e-08,-0.49404580449080093,-0.22696541132684808,0.03450853864995856
N-HiTS,QELM-NISQ,ETTm2,2,NaiveKD,1600,-6.047619136396045,1.8265996675289986e-09,-1.3860043545635417,-0.46984304821165285,0.016265245266285963
N-HiTS,QELM-NISQ,ETTm2,2,LegacyPersist,1600,-1.1762197650837614,0.23968214934036822,-0.28481619510147715,0.09944095563096873,0.045994987413692165
N-HiTS,QELM-NISQ,ETTm2,3,NaiveKD,1600,-10.997694344534704,3.589064780178364e-27,-1.6524593920898623,-1.0244539410774596,0.025034654633758195
N-HiTS,QELM-NISQ,ETTm2,3,LegacyPersist,1600,-5.437186180275333,6.251342279551486e-08,-0.3298166758441366,-0.14228537251148377,0.055364099079273726
N-HiTS,QELM-NISQ,ETTm2,4,NaiveKD,1600,-10.82717522608642,2.0573085300856357e-26,-1.688257035467308,-1.011978086175863,0.024773388944295
N-HiTS,QELM-NISQ,ETTm2,4,LegacyPersist,1600,-4.859921428041875,1.2895282686728118e-06,-0.4637093257624656,-0.15473645403492267,0.03513830345612304
N-HiTS,QELM-NISQ,Energy,0,NaiveKD,1600,-6.936712274490199,5.8077899586634376e-12,-368.8287750306129,-223.88658507776265,0.04309828345963424
N-HiTS,QELM-NISQ,Energy,0,LegacyPersist,1600,-7.2309607906842945,7.404267962066084e-13,-364.88233651304245,-232.1742064380646,0.053885226377902884
N-HiTS,QELM-NISQ,Energy,1,NaiveKD,1600,-4.494441697716292,7.476768839663791e-06,-594.7870838618278,-98.2801406893731,0.007853066602848569
N-HiTS,QELM-NISQ,Energy,1,LegacyPersist,1600,-4.2918004383032535,1.8786241650636736e-05,-688.198706805706,-99.997595806122,0.007528810257379981
N-HiTS,QELM-NISQ,Energy,2,NaiveKD,1600,-0.2061406390046526,0.8367072976403694,-47.92417129898071,67.66748979330059,0.08761668359590108
N-HiTS,QELM-NISQ,Energy,2,LegacyPersist,1600,0.729836585183702,0.46559698028996965,-8.900317398548125,86.0770249710083,0.09937135565303733
N-HiTS,QELM-NISQ,Energy,3,NaiveKD,1600,-4.351031242897518,1.4407514949980566e-05,-317.15738578510286,-79.78635518646246,0.027219918816984344
N-HiTS,QELM-NISQ,Energy,3,LegacyPersist,1600,-3.6912982921415622,0.0002305999821615179,-253.82573184823988,-54.6880553584099,0.03459863792189435
N-HiTS,QELM-NISQ,Energy,4,NaiveKD,1600,-2.0478808599252005,0.04073472014352658,-316.88670247077937,5.444312233924822,0.05818060405803376
N-HiTS,QELM-NISQ,Energy,4,LegacyPersist,1600,-1.8494046831052076,0.06458383878586596,-272.99293060302733,11.233292652130126,0.06242171653742566
N-HiTS,QELM-NISQ,ExchangeRate,0,NaiveKD,607,-1.5275631306482143,0.12714279686315105,-0.0009489376472383645,0.00010377590657580798,0.05903187332325911
N-HiTS,QELM-NISQ,ExchangeRate,0,LegacyPersist,607,-0.22102110397669483,0.8251504488660832,-0.0002463015510307094,0.0002756416900244525,0.06903945649654061
N-HiTS,QELM-NISQ,ExchangeRate,1,NaiveKD,607,-3.9406049974674646,9.074431197004325e-05,-0.003217436308620415,-0.0014664283044052448,0.0346413196699739
N-HiTS,QELM-NISQ,ExchangeRate,1,LegacyPersist,607,-3.2628042114817375,0.0011651730287223882,-0.0013430820568915399,-0.0004154139461639822,0.040960219162403166
N-HiTS,QELM-NISQ,ExchangeRate,2,NaiveKD,607,-10.757312697890118,8.088332822400082e-25,-0.01582266616990216,-0.0111747146270712,0.03339447958038946
N-HiTS,QELM-NISQ,ExchangeRate,2,LegacyPersist,607,-2.712282542311099,0.006871867802396271,-0.0010754875826194446,-0.00042131006014970633,0.0493887835108854
N-HiTS,QELM-NISQ,ExchangeRate,3,NaiveKD,607,-3.8941225797967336,0.00010950994274226076,-0.004241933281116473,-0.0004418966559178459,0.01780137447302594
N-HiTS,QELM-NISQ,ExchangeRate,3,LegacyPersist,607,1.805064277873542,0.07156085158140645,0.00010051930031629473,0.0004787934055383879,0.06299918624297285
N-HiTS,QELM-NISQ,ExchangeRate,4,NaiveKD,607,-0.5238804233229007,0.6005532488966373,-0.0005460519890114512,0.00026923744439468064,0.04936439982530154
N-HiTS,QELM-NISQ,ExchangeRate,4,LegacyPersist,607,1.5536117207728841,0.12079912891090458,5.017206228347388e-05,0.00044230495427932285,0.09385347549934683
N-HiTS,QELM-NISQ,Jena,0,NaiveKD,1600,-6.007749470153714,2.3246840734290243e-09,-1.011064683557488,-0.365608516281005,0.02593456208046074
N-HiTS,QELM-NISQ,Jena,0,LegacyPersist,1600,-3.2406345092041535,0.0012171646606045027,-0.18725667097675616,-0.017082887413445887,0.0334038280694859
N-HiTS,QELM-NISQ,Jena,1,NaiveKD,1600,-1.445268345758741,0.14857846935932267,-0.3095460077011958,0.10928891824837755,0.0233884593375776
N-HiTS,QELM-NISQ,Jena,1,LegacyPersist,1600,0.28284680406270263,0.777330884137477,-0.04879163194145076,0.08408614684129133,0.06352898424512878
N-HiTS,QELM-NISQ,Jena,2,NaiveKD,1600,-7.908268860024812,4.827864736021235e-15,-0.8049575111274608,-0.3846289253416471,0.01932998429681384
N-HiTS,QELM-NISQ,Jena,2,LegacyPersist,1600,-7.979908951823847,2.7690038858412735e-15,-0.4475485205068253,-0.2203629664294422,0.022595070788342584
N-HiTS,QELM-NISQ,Jena,3,NaiveKD,1600,-2.971251879824102,0.00301015248347474,-0.6832525115767494,-0.07848250521253795,0.025844390215155888
N-HiTS,QELM-NISQ,Jena,3,LegacyPersist,1600,-1.2387700566165432,0.21561247973545314,-0.19797942905640228,0.047396611293312144,0.05287330728132925
N-HiTS,QELM-NISQ,Jena,4,NaiveKD,1600,-4.067977337354156,4.973325157619542e-05,-0.5788023731922731,-0.14739073191839272,0.027801329560987104
N-HiTS,QELM-NISQ,Jena,4,LegacyPersist,1600,-1.7085605176089693,0.08772645712933198,-0.16229137508221902,0.01301540921395633,0.0363277598931864
N-HiTS,ClassicalELM,AAPL,0,NaiveKD,486,-0.5023679172285506,0.6156367519707115,-9.591089477264341e-11,5.365644462805226e-11,1.0
N-HiTS,ClassicalELM,AAPL,0,LegacyPersist,486,-1.404887487106934,0.16069488318508918,-7.979834697558066e-05,1.6359892796433754e-05,0.7703133194018227
N-HiTS,ClassicalELM,AAPL,1,NaiveKD,486,-0.6667439418306819,0.505252759349441,-3.4493428689462165e-11,3.066082550174415e-11,1.0
N-HiTS,ClassicalELM,AAPL,1,LegacyPersist,486,-0.69516636296885,0.4872839670006023,-1.763180822877543e-05,3.474793452462908e-05,0.7230354039324032
N-HiTS,ClassicalELM,AAPL,2,NaiveKD,486,0.3437191511177362,0.7312064645321318,-1.9163015938590093e-11,1.9163015938590093e-11,1.0
N-HiTS,ClassicalELM,AAPL,2,LegacyPersist,486,-1.1017765864067897,0.2711052715437271,-3.2715008252994026e-05,6.770508971310558e-06,0.6716758666064192
N-HiTS,ClassicalELM,AAPL,3,NaiveKD,486,,,0.0,0.0,1.0
N-HiTS,ClassicalELM,AAPL,3,LegacyPersist,486,0.4695079855413636,0.6389175840565564,-2.144981633657168e-05,6.43343100354934e-05,0.8776159174563841
N-HiTS,ClassicalELM,AAPL,4,NaiveKD,486,,,0.0,0.0,1.0
N-HiTS,ClassicalELM,AAPL,4,LegacyPersist,486,0.8630718662730998,0.3885245367332999,-1.1832855733824365e-05,1.1404438869866671e-05,0.631311519635768
N-HiTS,ClassicalELM,ETTh1,0,NaiveKD,1393,-0.8940770175247698,0.3714352401046387,-1.1981175430199267e-06,4.5829681894886756e-07,0.14618594494323814
N-HiTS,ClassicalELM,ETTh1,0,LegacyPersist,1393,0.328582918151974,0.7425203836981576,-0.008326479874963136,0.011048925629491353,0.216789381570304
N-HiTS,ClassicalELM,ETTh1,1,NaiveKD,1393,10.332021691745487,3.6728381397603214e-24,0.008420703990140237,0.01600509575499276,0.013872656700834882
N-HiTS,ClassicalELM,ETTh1,1,LegacyPersist,1393,6.513537265129526,1.0227381696362412e-10,0.020336200342876656,0.050626309152374295,0.09752200893508801
N-HiTS,ClassicalELM,ETTh1,2,NaiveKD,1393,-5.485432405450733,4.8930781043298024e-08,-0.043401245843439934,-0.01314042290540283,0.022950296376607886
N-HiTS,ClassicalELM,ETTh1,2,LegacyPersist,1393,-0.8584878307095678,0.3907709450732163,-0.018108293286819555,0.005092473515314065,0.1039759046508789
N-HiTS,ClassicalELM,ETTh1,3,NaiveKD,1393,-1.4975031818724545,0.13448908899668532,-0.017580697318032246,0.00011826309202304376,0.09400148546561139
N-HiTS,ClassicalELM,ETTh1,3,LegacyPersist,1393,2.345550200041637,0.019138772794779574,0.00010090138862138166,0.02799839468061794,0.1315325175107628
N-HiTS,ClassicalELM,ETTh1,4,NaiveKD,1393,-1.3319865528742114,0.18308264730961274,-0.014554786106086171,0.0061220883349677405,0.09864783116192935
N-HiTS,ClassicalELM,ETTh1,4,LegacyPersist,1393,1.2867779742116927,0.19838563254042593,-0.00844242445808987,0.02106123901983857,0.16280413293204102
N-HiTS,ClassicalELM,ETTm2,0,NaiveKD,1600,-0.9693773422537699,0.33250355469410764,-0.1115763521050103,0.04453905805805688,0.06956130102302437
N-HiTS,ClassicalELM,ETTm2,0,LegacyPersist,1600,-3.2050925514132587,0.0013768400848157081,-0.15069027191679923,-0.011910106867551807,0.06041808669117537
N-HiTS,ClassicalELM,ETTm2,1,NaiveKD,1600,-2.9073552393828748,0.003695237657307298,-0.12361766004259699,-0.026293999189045285,0.06978327272764338
N-HiTS,ClassicalELM,ETTm2,1,LegacyPersist,1600,0.8202095482443376,0.4122189080655194,-0.03225132642127573,0.12009788323426616,0.07827949687350033
N-HiTS,ClassicalELM,ETTm2,2,NaiveKD,1600,2.030867598206041,0.04243358576989088,-0.0183372363159433,0.12233708633715286,0.07063668440487275
N-HiTS,ClassicalELM,ETTm2,2,LegacyPersist,1600,3.4276213403629057,0.0006243363853836566,0.03672682782891206,0.13955171952233644,0.0827608749560422
N-HiTS,ClassicalELM,ETTm2,3,NaiveKD,1600,-2.8879444186725114,0.003929849268861663,-0.15608745052828454,-0.029310589958215262,0.06081765394392208
N-HiTS,ClassicalELM,ETTm2,3,LegacyPersist,1600,-5.1499452027597075,2.928687154963851e-07,-0.2553108071042225,-0.09105684115411722,0.05988035145474376
N-HiTS,ClassicalELM,ETTm2,4,NaiveKD,1600,2.4156026104068538,0.015820691348044702,-0.0011215703496709464,0.10238478851434771,0.03960524113097448
N-HiTS,ClassicalELM,ETTm2,4,LegacyPersist,1600,0.5985254922781548,0.5495741265622114,-0.03523998591932468,0.07984536306513473,0.07180817781995168
N-HiTS,ClassicalELM,Energy,0,NaiveKD,1600,-1.5792436176809357,0.11447797548293316,-12.456867652893067,0.7590036258697502,0.0811046690361144
N-HiTS,ClassicalELM,Energy,0,LegacyPersist,1600,0.5385086746338008,0.5903008722787628,-5.058078284740448,17.542513958930954,0.15782495280381523
N-HiTS,ClassicalELM,Energy,1,NaiveKD,1600,-2.1668295059346536,0.030395115044522334,-19.15270692062378,-0.009825415611284843,0.18557763554304688
N-HiTS,ClassicalELM,Energy,1,LegacyPersist,1600,-0.9412419298112947,0.3467230665511487,-30.88988557291031,8.922512062549576,0.21563935307674423
N-HiTS,ClassicalELM,Energy,2,NaiveKD,1600,-2.9349696769100913,0.0033834034945236934,-22.71821636724472,-1.6915114698410034,0.1530222387493769
N-HiTS,ClassicalELM,Energy,2,LegacyPersist,1600,-1.2627295285462852,0.20687051047372698,-56.24055372333527,11.490580086231194,0.10972125414118832
N-HiTS,ClassicalELM,Energy,3,NaiveKD,1600,-1.5125572332530308,0.13058977242785538,-85.72273115301132,11.105787399291957,0.06900191746785721
N-HiTS,ClassicalELM,Energy,3,LegacyPersist,1600,-2.6194140396671783,0.008891403170718551,-57.38060094690323,-3.527829064846048,0.11994414761923455
N-HiTS,ClassicalELM,Energy,4,NaiveKD,1600,-0.34174099447495465,0.7325907240534335,-38.30838485193252,14.365704703330989,0.16417398903975003
N-HiTS,ClassicalELM,Energy,4,LegacyPersist,1600,-0.40357310136495733,0.6865806300349072,-63.233333223342896,27.74602986145016,0.12833184641465561
N-HiTS,ClassicalELM,ExchangeRate,0,NaiveKD,607,3.7604710724198886,0.0001860312701195312,1.3044827634582213e-05,0.00013632713346699884,0.027233298549983895
N-HiTS,ClassicalELM,ExchangeRate,0,LegacyPersist,607,0.06141658916375685,0.9510476907822095,-0.00016411238167200181,0.00011703673498152671,0.09487766294441588
N-HiTS,ClassicalELM,ExchangeRate,1,NaiveKD,607,-3.1146082575681007,0.0019288603500765527,-0.0009519582390006558,2.2298074830852664e-05,0.014448299843847925
N-HiTS,ClassicalELM,ExchangeRate,1,LegacyPersist,607,-5.310855829209404,1.5341497648614952e-07,-0.001983724728294171,-0.0005334158976431142,0.011337826595455267
N-HiTS,ClassicalELM,ExchangeRate,2,NaiveKD,607,-7.505179008379507,2.200067897318203e-13,-0.008590017178272706,-0.005104626395319218,0.060162088141753625
N-HiTS,ClassicalELM,ExchangeRate,2,LegacyPersist,607,-3.9301295158879626,9.46866382198874e-05,-0.0011042170529599,-0.0005908741504187918,0.06301317911163123
N-HiTS,ClassicalELM,ExchangeRate,3,NaiveKD,607,1.259723685170337,0.20825398893747,-1.7380733772708772e-05,9.52839201697512e-05,0.06619636589389595
N-HiTS,ClassicalELM,ExchangeRate,3,LegacyPersist,607,-0.9823023739952921,0.3263429095259477,-0.00013425661454915454,6.769247238675383e-05,0.14215793175612337
N-HiTS,ClassicalELM,ExchangeRate,4,NaiveKD,607,-1.634445521706782,0.10268467030096019,-0.00014635810001002996,3.3743188181766155e-05,0.07807770023085167
N-HiTS,ClassicalELM,ExchangeRate,4,LegacyPersist,607,-0.5491530550246101,0.5831027044698615,-7.445343062484904e-05,9.640052616772664e-05,0.1379795021699674
N-HiTS,ClassicalELM,Jena,0,NaiveKD,1600,-3.7689084304623695,0.00016991964524305252,-0.1668123529853765,-0.02118495624652135,0.018017551963201893
N-HiTS,ClassicalELM,Jena,0,LegacyPersist,1600,-4.055172252851719,5.250834288136334e-05,-0.35974074164312336,-0.051697654111310866,0.013762899803552478
N-HiTS,ClassicalELM,Jena,1,NaiveKD,1600,1.315474548128052,0.18853905360854875,-0.00827575947251171,0.052015514510683696,0.06264150575634021
N-HiTS,ClassicalELM,Jena,1,LegacyPersist,1600,1.4744351818823713,0.1405613060918026,-0.01841896842839196,0.12283906373335042,0.06322878574345944
N-HiTS,ClassicalELM,Jena,2,NaiveKD,1600,-0.17626733752360527,0.8601062419350928,-0.023885851599043235,0.023038301029941043,0.04497272962516863
N-HiTS,ClassicalELM,Jena,2,LegacyPersist,1600,2.0477086118291634,0.04075162653184473,-0.0023091259177308527,0.08363472599769005,0.05774020177766184
N-HiTS,ClassicalELM,Jena,3,NaiveKD,1600,1.0741696019723384,0.2829087406420863,-0.007413779789116233,0.02366848261840641,0.06399926566103377
N-HiTS,ClassicalELM,Jena,3,LegacyPersist,1600,-2.159886872626331,0.030929647975314674,-0.07045735809160396,-0.005914138162741442,0.0783298042559488
N-HiTS,ClassicalELM,Jena,4,NaiveKD,1600,-1.0665416504393286,0.28633986636500824,-0.023893737531267105,0.018098715912550682,0.043023542708693005
N-HiTS,ClassicalELM,Jena,4,LegacyPersist,1600,0.26023425186226967,0.7947165902540343,-0.03021260798163712,0.033300079166656324,0.05873854934825244
